BounceRates,Administrative_Duration,ProductRelated,ProductRelated_Duration,Administrative,ExitRates,PageValues
0.0,87.83333333,27,798.3333333,3,0.012643678,22.9160357
0.004347826,1005.666667,36,2111.341667,10,0.014492754,11.43941195
0.0,61.0,19,607.0,4,0.026984127,17.53595893
0.0,111.5,49,1868.819697,9,0.020708874,1.706014966
0.0,56.0,67,2563.783333,2,0.005797101,19.34265017
0.0,0.0,17,840.2333333,0,0.001666667,109.176
0.0,94.0,55,1970.844805,3,0.001724138,96.25511582
0.0,32.0,50,2867.0,1,0.004,153.4432478
0.0,18.0,16,1331.75,1,0.0125,33.79956701
0.0,38.0,14,643.0,2,0.013333333,35.0928
0.0,0.0,16,2337.0,0,0.013333333,17.76266667
0.005,155.6313131,32,908.013456,16,0.01805276,4.368515556
0.006451613,158.0,29,1916.761905,1,0.018709677,8.772473118
0.0,0.0,63,5220.083333,0,0.003329865,51.46331148
0.0,15.0,10,197.2,4,0.016666667,38.99
0.0,0.0,11,300.0714286,0,0.02,53.9892
0.0,8.0,14,603.6666667,2,0.0125,44.67925
0.0,0.0,13,328.9166667,0,0.014285714,59.79014286
0.022916667,38.0,23,1483.6,1,0.038373016,7.103020833
0.0,0.0,30,1992.833333,0,0.003333333,9.227000967
0.0,618.0,9,341.0,3,0.007692308,34.43601877
0.0,102.5,22,1034.975,2,0.014,16.14384
0.009929078,71.5,47,1532.2,6,0.019797366,27.26888014
0.000854701,191.2,31,1204.600433,7,0.013342491,11.92009615
0.0,47.0,39,1743.366667,2,0.016410256,78.93483561
0.0,237.5,30,1569.625,8,0.008108108,15.88906362
0.0,0.0,15,245.0,0,0.0125,11.9955404
0.003870968,74.0,149,5042.458059,4,0.007285123,18.36804916
0.0,0.0,17,766.5,0,0.0125,61.9395
0.011428571,100.3,66,2868.133333,4,0.01725974,9.162351243
0.0,416.3928571,258,11301.20416,14,0.00742538,33.6117917
0.0,0.0,51,2122.656061,0,0.007051282,9.294775641
0.0,99.60588235,83,2585.61835,6,0.00761877,6.871308983
0.0,68.0,10,808.5,3,0.015384615,35.99261538
0.0,34.0,7,179.0,1,0.028571429,53.13428571
0.012962963,176.25,41,2720.671429,6,0.033262108,8.833825926
0.003846154,523.2142857,48,2309.732468,6,0.014903846,10.60089168
0.003703704,118.6666667,17,694.0,3,0.008333333,27.45138186
0.002666667,92.83333333,24,463.8166667,3,0.015333333,17.84230699
0.005555556,0.0,37,1643.435516,0,0.032271242,2.188718519
0.0,0.0,27,1070.461905,0,0.007407407,57.7293604
0.004545455,754.1095238,31,1021.619336,17,0.026479076,2.08053355
0.0,0.0,45,1594.283333,0,0.015227273,45.4316713
0.0,47.0,21,825.0833333,2,0.009090909,10.7929507
0.0,134.9285714,31,2013.595238,5,0.014141414,8.482727273
0.0,45.44444444,57,851.6426534,2,0.007923497,3.077836066
0.0,72.66666667,24,879.9090909,1,0.035897436,6.482798269
0.0,100.9166667,56,1432.223333,5,0.002185792,69.43043195
0.0,49.5,45,1545.5,3,0.004,20.97144
0.0,96.85714286,28,672.5452381,6,0.020707071,19.71468924
0.002531646,402.1857143,64,3179.354257,19,0.016289934,4.642
0.010526316,359.3,69,5485.105556,4,0.017493734,4.494741228
0.0,0.0,82,3214.020563,0,0.007723577,4.667079268
0.001360544,0.0,50,1803.768849,0,0.017428305,3.609398514
0.0,171.0833333,28,952.2857143,6,0.013333333,52.10818182
0.0,0.0,14,510.5,0,0.015384615,31.3094364
0.000308642,262.25,49,2302.021242,6,0.026591844,43.3616369
0.002197802,437.3913043,83,2503.881781,6,0.004916136,2.086218493
0.008,16.33333333,23,505.5833333,3,0.03,9.15008
0.0,15.0,17,490.0,4,0.027272727,15.66445171
0.003571429,74.0,53,893.5111111,3,0.005357143,44.61199852
0.005660377,301.7,42,1981.016667,7,0.021383648,13.00183962
0.00952381,0.0,22,1310.5,0,0.028571429,23.86359286
0.01025641,117.8333333,35,502.547619,5,0.036923077,3.148615385
0.0,64.33333333,27,1433.916667,4,0.018226601,3.691344828
0.007258065,492.4166667,52,4699.277778,8,0.018233487,11.1076505
0.0,0.0,8,349.5,0,0.028571429,25.188
0.0,352.5,21,696.6666667,6,0.0125,75.06781572
0.0,0.0,10,316.5,0,0.025,17.538
0.0,47.0,5,388.0,1,0.04,31.188
0.0,0.0,10,253.5,0,0.022222222,63.588
0.0,152.5,43,3065.945238,3,0.011666667,3.31108
0.0,167.5,22,869.9,4,0.026388889,33.53327578
0.0,0.0,13,323.9166667,0,0.008333333,35.8370931
0.001030928,247.3333333,90,7221.0,11,0.003917526,13.46406308
0.0,16.0,27,1240.916667,1,0.009259259,28.39335492
0.0,37.0,12,663.5,1,0.016666667,10.83431037
0.009090909,26.0,19,576.0833333,3,0.018181818,30.65045455
0.0,123.0,7,181.5,1,0.025,64.7325
0.0,72.5,31,649.3071429,5,0.001041667,35.10378279
0.0,21.0,49,1647.152381,1,0.0008,144.3934888
0.0,35.0,20,979.0833333,2,0.00952381,60.04549665
0.001333333,160.0952381,47,1682.870247,6,0.007891429,5.698642857
0.0,60.0,23,1031.704762,6,0.007111111,33.14784917
0.006666667,0.0,13,509.1214286,0,0.002222222,40.7932
0.005555556,112.0,37,2043.5,1,0.016666667,12.3578472
0.017647059,117.3333333,28,631.9896825,10,0.022794118,10.16517157
0.022222222,0.0,16,1296.6,1,0.033333333,13.28355556
0.0,0.0,20,408.3333333,0,0.003174603,33.47777322
0.0,0.0,30,1224.75,0,0.007142857,21.04864167
0.0,204.0833333,63,3552.702381,9,0.007,19.95572297
0.004761905,151.0,19,716.3571429,2,0.015873016,10.8692605
0.003389831,52.0,56,3763.166667,6,0.01480226,10.37042373
0.00075188,600.4230769,17,1883.827222,4,0.013061325,0.120699914
0.011111111,152.8333333,20,791.6666667,2,0.016666667,41.35007203
0.0,0.0,6,495.0,0,0.02,77.96
0.007272727,160.0,48,3946.008333,9,0.011515152,20.32388105
0.0,91.0,11,451.0,3,0.006666667,45.7504
0.0,0.0,6,546.0,0,0.04,35.49
0.002985075,136.5555556,59,3224.819084,6,0.011923715,8.567426866
0.0,0.0,9,936.8333333,0,0.022222222,53.25533333
0.0125,18.0,15,756.3333333,2,0.0625,29.24325
0.0,0.0,13,474.6666667,0,0.014285714,33.41
0.0,180.0,12,1436.5,3,0.013333333,27.75904925
0.003773585,52.0,46,3087.0,4,0.021383648,16.94643793
0.0,69.0,8,423.0,1,0.025,28.05094335
0.0,0.0,26,1377.769697,0,0.008,92.4822063
0.0,0.0,36,1166.72619,0,0.025,4.599
0.004117063,11.92307692,80,4099.737392,2,0.005279668,16.88069613
0.0,206.3333333,20,917.35,4,0.008333333,23.83323089
0.009032258,739.2091954,21,1321.059195,12,0.025133361,78.34560177
0.000374532,68.5,82,2448.784448,4,0.008907697,6.506831398
0.0,58.0,50,952.4345238,2,0.011538462,2.179730769
0.0,134.0,53,1659.319697,3,0.00380117,62.34813701
0.005405405,87.5,31,496.5833333,8,0.012612613,3.889459459
0.0,33.0,25,1720.0,2,0.007692308,60.29018448
0.0,143.0,10,386.15,4,0.015384615,64.6
0.0,0.0,20,2270.833333,1,0.023809524,10.23187302
0.0,0.0,12,481.8333333,0,0.018181818,74.088
0.0,75.0,14,851.0,2,0.014285714,22.88908649
0.004347826,1559.75,41,1663.761905,10,0.015942029,13.63463318
0.021276596,0.0,46,1038.916667,1,0.039007092,13.10326241
0.0,143.1666667,50,925.947619,6,0.010160428,13.60512012
0.0,149.25,27,1212.809524,4,0.020967742,14.89210837
0.0,172.2,23,792.7222222,5,0.010714286,261.4912857
0.0,129.75,42,1173.07,6,0.005319149,18.95323404
0.0,408.2,33,878.6238095,6,0.02045045,19.3654955
0.002439024,24.42857143,76,2735.728571,2,0.024843206,8.631719512
0.000297619,382.8333333,72,4163.797619,10,0.010912698,12.0921619
0.01,546.0,28,1561.083333,9,0.03,3.810575284
0.0,63.33333333,13,556.6666667,4,0.001666667,27.3063666
0.0,18.0,24,4114.083333,1,0.003571429,20.91831644
0.0,0.0,7,451.0,0,0.033333333,49.82333333
0.0,60.0,20,717.6166667,2,0.004761905,60.19477937
0.002636535,2047.234848,45,3641.213151,11,0.014311471,7.753880158
0.0,187.8333333,36,1775.516667,7,0.0089599,4.745736842
0.042857143,66.0,10,302.0,2,0.05952381,19.53495497
0.0,69.0,37,796.9571429,2,0.0242741,3.978276423
0.003333333,170.0,27,1342.666667,7,0.023333333,29.35629782
0.0,0.0,9,639.0,0,0.025,81.2475
0.0,217.6666667,18,494.6666667,5,0.019931973,33.14514286
0.015995116,227.5326923,66,3025.521713,8,0.025541275,7.371682608
0.0,190.2857143,47,2989.494048,6,0.004813218,30.897985
0.0,183.0,14,333.6,8,0.01,15.43344
0.0,0.0,9,355.1666667,0,0.004166667,18.02533
0.0,21.0,65,2881.133333,2,0.002985075,80.68062856
0.0,24.0,17,498.3333333,1,0.021052632,76.78667659
0.011764706,6.0,16,608.8333333,1,0.026666667,52.70052142
0.0,136.0,31,1141.833333,4,0.006060606,10.63449802
0.0,275.0,30,1107.047619,3,0.017760943,35.98106601
0.008,161.0,19,4996.666667,7,0.026,14.10053333
0.0,24.0,28,1206.614719,2,0.023222222,5.417644444
0.014009662,377.5128205,60,2062.890972,8,0.026580162,1.70506715
0.023809524,42.6,18,1049.516667,3,0.03968254,14.25648352
0.0,55.75,19,685.95,4,0.017724868,7.141428571
0.0,79.0,36,2517.0,3,0.005405405,27.23866195
0.0,0.0,19,751.3333333,0,0.002777778,13.62630613
0.000980392,40.0,62,1088.830952,1,0.007230392,11.48461765
0.0,73.0,9,2151.0,3,0.018181818,10.91300022
0.011111111,24.6,26,779.5051587,2,0.034403292,12.55220741
0.006666667,28.0,27,1253.333333,2,0.014666667,39.7173
0.0,143.8333333,19,1762.5,5,0.013461538,31.54642738
0.0,141.0,33,1371.633333,5,0.005555556,44.71103438
0.012727273,45.33333333,53,1440.298918,4,0.021974359,1.660118182
0.004166667,456.9880952,39,976.7103175,13,0.009722222,39.65538156
0.0,75.0,44,1679.833333,1,0.001086957,45.8293144
0.0,99.5,16,315.1666667,4,0.016666667,12.53314286
0.0,44.0,25,773.4666667,1,0.029142857,10.3572
0.0,825.0,33,808.1666667,5,0.005405405,20.85956757
0.02,0.0,10,254.0,0,0.04,14.0292
0.0,0.0,10,408.0,0,0.022222222,88.78460596
0.011111111,75.05,31,489.1452381,7,0.022222222,27.38224222
0.0,0.0,24,580.2,0,0.012121212,17.12545455
0.0,0.0,32,999.0,0,0.01344086,9.053081561
0.0,4.0,10,284.0,2,0.016666667,33.32834503
0.007017544,81.0,34,1219.113725,9,0.022556391,9.517421053
0.0,0.0,21,574.722619,1,0.018888889,6.284044913
0.012280702,702.0,38,2193.150794,1,0.015614035,9.09277193
0.0,22.5,15,289.85,4,0.022222222,57.96417654
0.0,73.75,12,777.5,4,0.015555556,10.782
0.0,145.0,40,1834.166667,6,0.006734694,49.47040982
0.008888889,183.5,52,2211.608333,9,0.010251724,1.816474074
0.007142857,139.6818182,45,2003.415152,8,0.00755102,5.576720936
0.002985075,0.0,68,809.2456349,0,0.005970149,109.9124051
0.0,28.66666667,12,224.1666667,2,0.023333333,44.73466667
0.001142857,654.775,160,5349.563713,13,0.001799477,17.34893623
0.001481481,222.5,20,1267.155556,9,0.017977208,16.1728
0.0,33.5,31,1271.821212,2,0.011505376,1.592774194
0.0,0.0,32,827.6462121,0,0.00058651,54.67634844
0.0,243.6666667,20,1267.233333,5,0.01,91.98
0.0,0.0,27,694.3035714,0,0.007692308,11.99264025
0.005882353,0.0,17,1385.833333,0,0.017647059,39.85866667
0.026666667,6.0,15,500.0,1,0.073333333,19.996
0.013333333,5.0,13,545.5714286,1,0.020784314,26.12015415
0.0,78.0,21,555.8944444,1,0.002380952,24.75047619
0.0,0.0,15,292.6944444,0,0.005128205,54.98
0.004123711,254.0,95,4990.959524,2,0.015307716,5.638103093
0.0,85.66666667,25,1194.5,5,0.007692308,11.51923077
0.008333333,0.0,12,896.5,0,0.025,14.6895
0.008357771,97.88235294,58,2293.59902,6,0.033973374,6.7485
0.015384615,27.0,21,898.0,3,0.042307692,10.94723077
0.0,0.0,23,1888.5,0,0.008695652,46.00643478
0.011827957,129.0,31,866.7,2,0.034101382,18.11148387
0.0,89.5,26,1163.333333,7,0.009375,26.983125
0.0,296.0,9,394.5,3,0.005555556,28.39833333
0.0,0.0,21,452.797619,0,0.023,16.82505
0.0,168.75,36,1262.833333,3,0.004054054,20.39448649
0.023529412,430.8333333,49,2338.567766,3,0.028907563,9.609529412
0.0,150.5,28,549.0833333,7,0.013571429,2.663333333
0.0,724.5,23,867.3333333,5,0.000826446,59.988
0.0,357.25,45,2889.25,9,0.007,54.9759
0.010810811,329.297619,32,1888.547619,9,0.025900901,24.63837838
0.0,47.0,42,1528.382468,2,0.004761905,17.69657143
0.02013261,89.0,75,5378.045851,6,0.0464397,4.374401266
0.007894737,32.66666667,34,1378.966667,4,0.01716792,18.46989474
0.0,295.6940559,29,785.474359,10,0.001481481,34.99166667
0.05,0.0,32,1808.333333,0,0.075208333,12.484125
0.0,35.0,11,1464.0,1,0.020512821,32.946
0.0,0.0,66,1483.55,0,0.006153846,143.2115385
0.0,25.0,35,1570.5,1,0.002941176,13.07329412
0.0,13.0,15,524.5,1,0.013333333,33.9612
0.0,309.0,27,877.5,4,0.007407407,44.47733333
0.0,0.0,29,1225.5,0,0.010344828,25.90331034
0.009183673,29.33333333,98,2680.828571,2,0.014160401,16.04860714
0.009259259,44.0,49,4945.083333,3,0.029444444,6.165
0.0,0.0,20,528.0,0,0.0075,31.1904
0.0,119.0,31,1273.875,8,0.003921569,12.63441176
0.0,92.25,47,1506.220833,4,0.025596405,8.011553351
0.01875,0.0,31,1906.8,0,0.048125,22.62989583
0.008333333,61.16666667,47,901.25,2,0.025,32.799375
0.010810811,39.5,34,1406.209524,2,0.021212121,23.60518919
0.005555556,42.33333333,64,2471.391775,3,0.020580808,6.221045455
0.0,0.0,3,127.0,0,0.066666667,65.988
0.008333333,65.16666667,23,599.3333333,3,0.016666667,5.4945
0.0,0.0,12,499.0,0,0.018181818,86.388
0.010526316,69.0,19,580.5,4,0.049122807,22.32934737
0.0,0.0,12,755.0,0,0.015384615,71.488
0.01875,662.5357143,41,854.2863248,14,0.021194084,10.17225
0.0,0.0,12,554.5,0,0.018181818,49.62545455
0.0,337.0,16,630.5,1,0.00625,28.794
0.004651163,47.16666667,42,1462.659125,1,0.019047619,7.734903101
0.0,121.6666667,30,1688.72619,8,0.011764706,15.08488235
0.003125,70.83333333,27,1150.192063,4,0.0125,23.554375
0.0,252.5,14,289.6666667,10,0.021212121,29.77418182
0.0,189.0,26,1517.9,3,0.007142857,34.34857143
0.0,0.0,9,464.0,0,0.022222222,29.31555556
0.0,101.5,16,692.6666667,2,0.0125,146.23875
0.0,0.0,37,607.4666667,0,0.002777778,39.97777778
0.0,114.25,25,874.5833333,7,0.012345679,54.33103704
0.0,100.0,22,639.5,2,0.008695652,101.3721739
0.004285714,248.6666667,30,1039.477564,4,0.007428571,9.511714286
0.0,77.0,32,1223.416667,2,0.010784314,215.0094118
0.011764706,0.0,35,897.6666667,0,0.017016807,5.220705882
0.0,0.0,25,417.9666667,0,0.019230769,4.7095
0.015384615,91.83333333,11,534.0,3,0.015384615,44.29661538
0.0,69.5,16,895.8095238,1,0.004444444,32.14213333
0.01,95.325,15,743.6666667,5,0.03,19.4281
0.0,0.0,19,2236.9,1,0.027777778,19.59533333
0.0,61.66666667,18,397.6666667,6,0.011904762,12.55885714
0.000952381,79.16666667,62,3657.101515,8,0.020897436,9.027320816
0.0,61.0,16,502.5,4,0.00952381,71.944
0.021162791,86.5,39,1050.708333,6,0.018042396,13.40298256
0.02,0.0,35,1386.716667,0,0.039269841,14.96432
0.0,0.0,27,2514.25,0,0.006666667,31.40784
0.0,69.0,37,769.0,3,0.004273504,47.93128205
0.0,230.25,27,517.3928571,5,0.011458333,30.269375
0.016666667,0.0,12,833.0,0,0.02,34.4925
0.016666667,0.0,25,319.3333333,0,0.036666667,10.4445
0.0,0.0,14,838.55,0,0.016783217,55.23646154
0.0,0.0,8,149.0,0,0.033333333,64.788
0.0,0.0,15,412.8333333,0,0.006666667,29.848
0.0,41.33333333,44,3227.5,1,0.004651163,28.53153488
0.01474359,25.75,22,2297.801282,1,0.017435897,18.99561538
0.011403509,52.0,56,2145.563492,3,0.025292398,13.11733918
0.0,0.0,50,2617.233333,0,0.001360544,53.22881633
0.0,7.0,20,887.5833333,1,0.016140351,34.25336842
0.001111111,52.33333333,23,541.6666667,3,0.047074074,10.64805714
0.005882353,66.77272727,62,2050.395743,6,0.012789661,17.07978235
0.0,0.0,10,724.0,0,0.022222222,97.98
0.0,91.0,16,1280.166667,4,0.004761905,39.81885714
0.004109589,57.5,66,1285.548533,6,0.018513906,20.97239726
0.0,102.0676923,142,6223.870847,5,0.006649462,15.47720763
0.0,578.5,31,699.5,14,0.005896806,22.58886486
0.0,0.0,36,808.0833333,0,0.007619048,53.10142857
0.0,55.0,19,436.0,3,0.013636364,49.54827273
0.0,0.0,14,549.5,0,0.013333333,43.252
0.014285714,29.0,11,561.55,1,0.038571429,10.02085714
0.0,102.0,83,1495.580952,8,0.002298851,82.12367816
0.047619048,0.0,22,355.6666667,0,0.051428571,25.194
0.0,249.0,31,1124.916667,8,0.014672365,18.08584615
0.007017544,0.0,57,1190.548851,0,0.027309942,17.16745965
0.007142857,0.0,28,1384.071429,0,0.032380952,11.01942857
0.006666667,74.0,30,1708.083333,2,0.013333333,16.1892
0.0,9.0,11,467.0,1,0.02,79.182
0.0,53.25,198,3057.809524,3,0.002734559,11.97910693
0.0,497.75,51,4977.85,5,0.015536723,15.35760339
0.008333333,40.0,19,1051.5,3,0.030555556,12.18
0.0,41.0,37,1501.166667,1,0.019298246,15.249
0.0,0.0,63,1462.45,0,0.003225806,22.088
0.0,537.0,14,1383.5,1,0.030769231,9.407538462
0.0,766.8333333,37,1133.016667,5,0.013846154,49.66307692
0.0,0.0,13,303.4,0,0.016666667,239.98
0.038095238,0.0,22,346.8333333,0,0.057142857,12.55885714
0.0,294.0,12,936.0,1,0.036363636,26.22981818
0.0,28.0,42,1329.666667,2,0.002325581,80.04344186
0.0,0.0,35,2068.928571,0,0.014285714,39.27145714
0.00952381,236.8333333,20,411.3888889,8,0.016825397,17.39171429
0.004,244.5,21,998.4,5,0.008666667,41.86896
0.0,269.8,112,2478.622727,9,0.004005848,60.43385263
0.0,98.0,17,1243.5,4,0.008695652,32.80852174
0.011764706,76.0,19,1263.333333,1,0.023529412,60.34235294
0.0,24.0,15,496.75,1,0.00625,115.48625
0.0,38.0,23,542.3333333,4,0.015306122,25.41321429
0.0,0.0,10,342.1666667,0,0.022222222,51.176
0.0,192.5555556,109,2926.431962,8,0.001851852,12.8915
0.0,509.6666667,19,976.3382353,3,0.010454545,23.62159091
0.0,111.0,13,522.0,6,0.011111111,36.65444444
0.0,566.0,11,574.3333333,2,0.015277778,34.26077778
0.006451613,32.0,30,1407.5,2,0.02516129,15.51193548
0.0,174.475,43,895.9731685,9,0.009929078,30.66624113
0.0,0.0,7,578.2,0,0.033333333,58.488
0.0,0.0,8,240.0,0,0.028571429,58.788
0.0,0.0,14,354.25,0,0.015384615,124.032
0.0,32.0,9,455.0,1,0.022222222,18.65333333
0.0,656.0,39,1390.866667,8,0.009302326,63.39474419
0.0,6.0,25,591.8928571,1,0.020833333,165.6204667
0.0,319.0,33,1829.183333,4,0.017619048,16.07106667
0.003278689,0.0,59,2946.6,0,0.007962529,9.380377049
0.0,50.5,14,689.3833333,2,0.013333333,100.7776
0.0,105.0,34,603.7071429,3,0.003714286,14.75710476
0.0,0.0,24,676.1666667,0,0.008333333,2.705833333
0.0,5.0,35,1916.9,1,0.015555556,11.19189333
0.0,4.0,18,631.6666667,1,0.027777778,56.32466667
0.0,0.0,14,1340.75,0,0.015384615,57.58892308
0.0,0.0,27,1523.05,0,0.001851852,22.12888889
0.004888889,59.5,96,5604.977381,2,0.016624762,5.344898889
0.025,336.5,40,1239.949603,11,0.026035354,6.1287875
0.0,0.0,16,355.5,0,0.014285714,11.13171429
0.0,65.0,19,681.6190476,6,0.011794872,28.29538462
0.03625,25.0,14,397.0,1,0.047395833,14.9925
0.0,59.83333333,70,2509.25,2,0.006428571,11.28411429
0.0,38.0,11,713.0,2,0.016666667,113.98
0.0,29.5,29,569.1666667,1,0.01957672,12.455
0.0,32.33333333,62,2414.9,1,0.002222222,30.4615873
0.0,51.5,21,1623.5,3,0.005,49.3886
0.0125,338.0,17,1205.566667,2,0.0375,19.23625
0.0,324.5,30,1456.783333,4,0.009019608,30.01288235
0.0,0.0,7,604.0,0,0.033333333,53.988
0.001034483,284.85,276,4758.380638,16,0.007306262,27.43209507
0.0,0.0,8,308.0,0,0.025,35.091
0.0,47.5,16,331.3333333,4,0.010526316,254.6071579
0.0,108.9166667,24,516.4166667,6,0.013333333,8.1816
0.0,69.0,20,1180.0,4,0.009090909,30.52636364
0.007909605,82.0,59,1927.122222,1,0.023728814,23.87629104
0.0,0.0,9,553.0,0,0.025,53.988
0.007291667,176.6666667,27,880.8,8,0.020192308,8.54525
0.002515091,418.0,70,3345.685836,1,0.007571185,7.204613682
0.0,0.0,23,1232.733333,0,0.012820513,56.35884615
0.0,41.0,30,1018.0,1,0.003448276,54.21806897
0.0,9.0,12,764.75,1,0.023076923,9.641076923
0.0,44.33333333,19,813.1,2,0.01,20.0031
0.0,468.3666667,114,3772.405525,9,0.001680672,42.41914286
0.011111111,132.0,20,413.0,8,0.027407407,36.51581481
0.033333333,0.0,6,399.0,0,0.022222222,44.99
0.0,37.5,12,375.0,2,0.039583333,43.99
0.0,0.0,22,892.0,0,0.00952381,10.51809524
0.007142857,8.0,29,826.85,1,0.029591837,10.98707143
0.0,0.0,7,906.0,0,0.016666667,14.98333333
0.0,7.0,7,151.5,1,0.025,50.9925
0.0,0.0,9,953.8333333,0,0.011428571,92.83857143
0.007142857,147.5,25,788.2666667,4,0.028571429,16.70657143
0.0,0.0,8,123.0,0,0.014285714,59.988
0.017391304,131.2,21,893.45,5,0.020652174,7.091478261
0.0,53.0,13,417.0,1,0.018181818,72.788
0.0,0.0,15,789.6666667,0,0.014285714,14.55428571
0.0,51.0,37,1420.733333,1,0.012612613,102.3538378
0.0,72.5,10,1580.0,2,0.018181818,100.0963636
0.0,0.0,60,2789.166667,0,0.005026455,31.31885714
0.0,25.5,13,908.5,2,0.013333333,19.78533333
0.0,294.5,24,1034.583333,8,0.015196078,9.877647059
0.0,235.0,23,1193.0,2,0.008333333,45.6125
0.0,367.0,85,2387.990657,9,0.016080586,3.926014129
0.007526882,165.0,59,3096.375,4,0.019247312,8.126193548
0.0,0.0,19,1040.2,0,0.011111111,115.98
0.0,9.0,111,2451.869048,1,0.015775776,2.797414715
0.0,96.25,26,1222.333333,5,0.006451613,42.95612903
0.0,9.0,25,2454.45,1,0.015384615,31.75846154
0.0,64.0,29,619.4,3,0.007142857,42.89057143
0.0,24.5,46,1525.666667,1,0.006382979,107.2170213
0.0,0.0,10,693.5,0,0.022222222,40.43377778
0.0,0.0,16,953.5,0,0.014285714,21.588
0.004301075,78.3,87,1363.263492,7,0.008090118,30.80927957
0.010344828,120.0,52,1859.083333,4,0.018390805,17.24870115
0.0,0.0,44,2453.75,0,0.001111111,48.868
0.016666667,15.0,11,224.0,1,0.022222222,47.65566667
0.0,0.0,13,1496.833333,0,0.015384615,98.13692308
0.0,0.0,8,376.3333333,0,0.028571429,53.988
0.0,0.0,24,805.0,0,0.008695652,53.988
0.0,85.0,22,452.5833333,4,0.008333333,107.94
0.0,13.0,26,2058.5,3,0.039506173,8.887111111
0.025,4.0,24,957.9,1,0.032638889,22.74458333
0.0,0.0,29,1137.166667,0,0.007142857,22.27457143
0.0,543.0,20,2039.0,5,0.016296296,25.38925926
0.0,0.0,8,222.0,0,0.028571429,53.47457143
0.002702703,156.9,32,1123.691667,7,0.011312741,6.588
0.0,0.0,50,1232.02684,0,0.001666667,173.4697917
0.008928571,74.21428571,32,1367.630952,4,0.0203125,50.82975
0.008571429,210.7777778,33,1887.694444,5,0.032380952,11.69485714
0.0,0.0,11,1160.0,0,0.018181818,20.60836364
0.0,1271.5,41,1221.138095,10,0.007801418,71.46597872
0.0,0.0,8,710.0,0,0.025,45.4895
0.0,0.0,10,338.5,0,0.02,32.382
0.0,0.0,11,500.0,0,0.02,44.388
0.0,157.0583333,79,2605.702273,11,0.006407828,14.8513125
0.0,334.75,20,598.7785714,11,0.007692308,26.59353846
0.0,0.0,21,1296.716667,0,0.007017544,70.01826316
0.0,44.0,8,667.6666667,2,0.018181818,56.62363636
0.0,0.0,34,783.5666667,0,0.005882353,62.07882353
0.0,198.5,43,2124.833333,4,0.015151515,48.864
0.0,153.25,19,402.7166667,4,0.003030303,57.474
0.0,98.0,32,898.1714286,4,0.005555556,23.32166667
0.001960784,0.0,51,3540.239394,0,0.023180828,2.172431373
0.006451613,4.0,32,673.125,1,0.010056926,17.05922581
0.002777778,127.0,32,2423.75,4,0.021296296,23.61948148
0.0,0.0,19,692.6222222,0,0.001470588,53.988
0.004255319,57.5,44,845.8333333,8,0.012765957,19.29753191
0.0,0.0,21,459.6666667,0,0.00952381,18.27428571
0.0,0.0,19,989.3333333,0,0.011111111,25.109
0.0,59.0,10,269.0,3,0.018181818,50.388
0.0,0.0,24,488.3333333,0,0.004347826,72.30208696
0.01,0.0,21,947.0,0,0.02,55.8486
0.0,18.0,18,1188.95,1,0.011764706,39.186
0.0,0.0,12,312.0333333,0,0.009090909,17.808
0.03030303,0.0,9,219.0,1,0.066666667,22.89636364
0.002608696,370.275,96,2964.590278,15,0.010732401,3.358133333
0.005714286,0.0,35,888.3333333,0,0.024285714,7.609371429
0.002941176,779.3556619,75,13430.97606,9,0.032017551,16.16333333
0.0,0.0,19,722.7,0,0.002941176,68.376
0.0,262.5,45,1456.27381,5,0.018707483,13.53068367
0.006343284,137.075,59,2088.443506,8,0.023522862,54.07524113
0.0,0.0,22,2715.0,0,0.009090909,54.97036364
0.013157895,87.0,38,1326.25,1,0.028508772,7.153421053
0.002272727,726.3666667,80,4322.779121,9,0.0163943,8.069027652
0.022222222,0.0,11,1019.5,1,0.044444444,26.65777778
0.068421053,0.0,19,421.6,0,0.077192982,6.624947368
0.0,161.25,32,1038.797619,7,0.015714286,59.96777143
0.004081633,0.0,50,1306.1,0,0.012244898,5.137714286
0.025,0.0,8,335.0,0,0.05,63.891
0.0,89.0,17,1175.5,1,0.0125,9.74025
0.0,137.5666667,22,739.0666667,3,0.024666667,13.67493333
0.0,0.0,8,459.0,0,0.028571429,26.98
0.005714286,132.0,30,1039.244444,6,0.017809524,3.998
0.016666667,19.0,11,501.75,1,0.033333333,55.485
0.0,0.0,10,443.5,0,0.027777778,38.20940741
0.012,0.0,50,1149.433333,0,0.026383333,4.5476
0.003571429,271.3333333,54,3510.416667,7,0.010714286,9.865125
0.0,280.0,21,612.75,7,0.008695652,43.81043478
0.008695652,674.0,18,1090.533333,8,0.026086957,69.2786087
0.027407407,18.0,26,1122.583333,1,0.048148148,15.9468
0.0,0.0,15,498.5,0,0.026666667,32.1908
0.008823529,318.7202381,60,1205.945238,13,0.01709646,5.710061275
0.0,0.0,15,728.2,0,0.023076923,31.22
0.0,0.0,16,819.1666667,0,0.0125,24.73875
0.0,0.0,21,952.5333333,0,0.01,91.246
0.0,136.0,30,2205.666667,5,0.012121212,47.26060606
0.0,0.0,26,553.5,0,0.008333333,35.98
0.0,0.0,69,2734.818254,0,0.004353234,49.39271642
0.006451613,23.0,30,974.2698413,1,0.007885305,11.47812903
0.0,0.0,9,166.1666667,0,0.025,17.541
0.003225806,515.0,29,3229.169841,3,0.033064516,15.65808387
0.0,183.0,15,557.3333333,4,0.012631579,16.10052632
0.0,58.0,6,245.0,2,0.028571429,54.98
0.004545455,15.0,38,1155.0,4,0.020454545,5.903181818
0.003703704,15.0,38,1880.966667,2,0.023809524,12.59766667
0.0,0.0,36,868.4166667,0,0.001081081,33.84778378
0.0,0.0,13,893.2166667,0,0.008333333,23.988
0.011764706,176.0,15,537.2,5,0.023529412,27.664
0.007402653,189.2215153,108,4033.471998,13,0.013739852,24.02645488
0.005853659,89.8,39,1167.966667,4,0.014390244,33.9251122
0.004545455,0.0,22,428.45,0,0.012878788,20.88818182
0.008695652,116.0,22,1245.6,1,0.030434783,27.81913043
0.0,24.0,13,462.0,1,0.014285714,23.13
0.005479452,0.0,75,1289.25,0,0.017351598,11.8290411
0.0,0.0,8,323.5,0,0.025,23.235
0.0,0.0,10,428.6666667,0,0.022222222,36.256
0.0,181.375,116,4426.650649,9,0.008064516,84.30663844
0.0,0.0,19,806.8333333,0,0.010526316,28.03452632
0.0,70.0,18,443.0,2,0.02,24.2865
0.005263158,121.1666667,70,961.5493506,8,0.013089192,26.27933158
0.0,0.0,9,359.1666667,1,0.018181818,58.16727273
0.003508772,188.1666667,52,1089.642857,7,0.010233918,20.11792982
0.0,82.0,13,242.0,4,0.018181818,31.98
0.0125,475.75,28,1559.65,6,0.027083333,15.81839583
0.02173913,27.53333333,45,3141.258333,3,0.040017253,6.673695652
0.014414414,133.5833333,67,1222.470924,4,0.025810811,6.094324324
0.007142857,124.8611111,25,1971.194444,6,0.030238095,24.897
0.004,54.0,50,1911.333333,3,0.013,109.5876
0.0,236.25,41,1955.783333,5,0.002439024,21.07980488
0.007407407,57.0,28,724.0666667,2,0.017283951,32.98533333
0.0,17.0,11,440.0,2,0.018181818,54.53454545
0.021052632,0.0,19,1120.266667,0,0.052631579,11.38642105
0.0,683.0,16,1215.766667,2,0.005882353,30.57647059
0.009444444,67.0,101,4713.8,7,0.010481956,20.62474136
0.008571429,42.5,48,970.4192641,2,0.025088095,5.540024667
0.016,0.0,23,660.4047619,0,0.025,30.3236
0.0,55.0,9,548.0,1,0.04,17.2704
0.0,0.0,30,586.5333333,0,0.003448276,30.87724138
0.0,285.8,56,2915.166667,3,0.003448276,80.118
0.0,200.5,49,837.4166667,5,0.008333333,28.16275
0.013333333,17.0,11,948.0,1,0.016666667,25.484
0.007843137,14.0,49,1527.583333,1,0.017647059,8.926823529
0.0,0.0,8,856.4166667,0,0.028571429,44.56114286
0.0,0.0,11,482.6666667,0,0.02,22.738
0.0,0.0,16,650.8333333,0,0.019047619,13.99
0.0,17.5,17,665.9848485,1,0.002352941,51.60705882
0.0,0.0,9,260.3,0,0.005555556,16.32244444
0.0,0.0,13,490.0833333,0,0.003636364,11.988
0.015384615,0.0,23,1146.5,1,0.023076923,72.52076923
0.0,53.0,24,678.0,3,0.014814815,20.13555556
0.0,188.0,25,1189.458333,5,0.006150794,36.89921429
0.0,18.5,32,814.6071429,1,0.024019608,3.111047059
0.0,78.0,15,269.75,2,0.013333333,22.738
0.015277778,249.5,66,2506.333333,9,0.041369048,13.99708333
0.0,44.0,56,2075.983333,1,0.014545455,13.81852727
0.005263158,176.5,34,1384.972222,7,0.021992481,26.45082237
0.0,187.1666667,22,680.0,7,0.006190476,22.45821429
0.005555556,46.0,35,539.0,5,0.011111111,39.15
0.0,0.0,14,340.0,0,0.015384615,23.388
0.002857143,37.0,36,862.5738095,2,0.012698413,10.87212857
0.0,0.0,47,1580.833333,0,0.004255319,3.663617021
0.007692308,190.25,19,1323.25,8,0.021816239,21.318
0.007142857,137.0,22,924.0,3,0.028571429,29.90282143
0.005555556,0.0,37,987.5,0,0.011111111,40.87111111
0.0,30.5,15,1518.097619,2,0.031764706,31.75764706
0.0,44.0,44,724.3166667,2,0.011363636,19.21218939
0.0,29.0,9,536.0,2,0.018181818,37.51854545
0.0,62.14285714,23,1046.916667,3,0.004347826,17.37391304
0.0,53.0,10,1331.0,1,0.022222222,49.388
0.017391304,30.25,21,327.2666667,3,0.02826087,68.85704348
0.0,181.3333333,42,792.6666667,5,0.001626016,113.1512195
0.0,59.0,21,1449.0,2,0.022727273,53.66290909
0.00078125,71.66666667,59,1702.369048,5,0.009867424,6.560625
0.006944444,51.0,35,1475.266667,2,0.024867725,27.44491667
0.0,158.0,12,751.5,2,0.014285714,32.02714286
0.001724138,292.1904762,56,1948.713745,4,0.021055381,14.69293103
0.0,4.0,14,333.9,1,0.007142857,24.50485714
0.0,4.0,19,760.25,1,0.011764706,33.788
0.024,0.0,25,981.0,0,0.048,15.3956
0.0,132.6666667,25,773.5595238,4,0.027572016,5.167133333
0.0,51.5,29,944.9166667,6,0.014285714,49.01914286
0.0,90.0,57,1092.364286,1,0.006321839,19.11506897
0.0125,78.0,27,672.5833333,3,0.039583333,8.07853125
0.000833333,771.9285714,39,1022.474026,11,0.012361111,52.05165
0.001363636,30.0,176,4126.353297,2,0.011363949,22.02197159
0.0,3.0,26,885.0,1,0.036111111,17.5455
0.0,58.0,31,806.5,4,0.009375,9.7455
0.0,0.0,33,782.0833333,0,0.005882353,23.03329412
0.0,11.0,12,347.0,2,0.023076923,9.960923077
0.015789474,32.0,18,299.5,1,0.022807018,19.448
0.0,101.6666667,22,2250.083333,3,0.019565217,32.70730435
0.0,63.4,3,120.4,1,0.0,42.29306752
0.0,618.0666667,50,1342.083333,6,0.004385965,28.06804986
0.009375,152.6,28,608.8833333,3,0.03125,19.82770888
0.0,89.6,57,1721.906667,3,0.005932203,204.0079491
0.0,26.2,4,106.8,1,0.04,36.66178288
0.018918919,79.6,34,1011.016667,2,0.043243243,5.128358233
0.0,0.0,13,710.0666667,0,0.007692308,72.52283848
0.0,0.0,3,259.0,1,0.04,48.04726202
0.007142857,33.2,10,278.4333333,3,0.026190476,32.70034468
0.006666667,13.73333333,27,407.6833333,3,0.011555556,0.0
0.0,23.2,30,964.4666667,1,0.003571429,51.03362522
0.0,0.0,24,968.6924242,0,0.0,106.2525169
0.0,0.0,16,1062.666667,0,0.0125,54.56704868
0.0,86.6,14,349.5761905,1,0.004761905,60.43737784
0.000684932,545.65,69,1182.432333,6,0.002998087,19.71529542
0.012077922,46.52,133,2248.914286,5,0.029349567,6.373770623
0.009090909,41.4,30,558.6111111,1,0.046464646,0.0
0.0,0.0,11,267.5666667,0,0.009090909,7.68745056
0.028571429,0.0,6,95.0,0,0.028571429,86.33623272
0.0,0.0,22,469.54,0,0.008695652,14.00979215
0.003773585,491.6666667,48,1939.571111,10,0.010539084,0.0
0.000641026,340.9,99,3611.978569,10,0.00210649,0.847337986
0.0,112.8,27,1555.967143,2,0.001724138,44.85638692
0.0,0.0,33,889.3666667,0,0.003030303,8.424787355
0.001075269,698.1333333,83,4306.612355,17,0.019375648,0.0
0.0,32.2,81,1199.616667,3,0.00617284,0.0
0.007751938,601.9,41,2517.583333,4,0.013881932,20.55494533
0.0,44.0,1,0.0,1,0.066666667,0.0
0.0,17.1,45,812.2873894,1,0.022732152,4.395471544
0.0,4.0,20,471.4777778,1,0.004545455,32.95851549
0.042105263,268.08,13,420.2466667,2,0.064912281,0.0
0.066666667,22.2,5,136.1,1,0.066666667,0.0
0.002666667,68.4,145,5175.377371,7,0.008978355,2.042762326
0.005,80.6,21,479.5857143,1,0.010555556,10.89761784
0.061111111,0.0,24,1163.266667,0,0.083333333,27.287869
0.0,12.0,0,0.0,1,0.022222222,0.0
0.010344828,0.0,58,1590.42,0,0.021551724,1.023391581
0.0,0.0,13,517.4,0,0.034285714,4.856377111
0.0,0.0,3,275.0,0,0.05,32.89701477
0.010526316,96.6,15,276.7333333,4,0.021052632,69.46239458
0.0,61.63333333,33,1804.011111,4,0.005022447,41.64590199
0.036206897,498.6,25,1556.491429,3,0.067624521,5.689147469
0.003703704,23.2,27,1061.55,1,0.018518519,43.29821166
0.0,194.9,14,227.3333333,2,0.009183673,0.0
0.0,83.6,18,1219.7,2,0.00952381,16.36245374
0.007142857,0.0,28,512.7166667,0,0.013571429,1.401949127
0.0,28.73333333,12,243.75,4,0.038571429,8.150811238
0.0,358.2583333,64,5738.902193,9,0.020187793,12.08836478
0.0,82.6,10,352.0,2,0.007692308,27.19298393
0.0,176.25,20,651.7658974,8,0.009230769,19.13285864
0.0,68.73333333,44,2498.866667,4,0.014444444,11.33062869
0.0,58.4,5,303.1,2,0.033333333,0.0
0.0,0.0,13,374.9,0,0.047619048,16.72561819
0.0,74.5,22,672.95,4,0.027179487,0.0
0.0,102.8,25,1109.233333,3,0.001666667,61.30486592
0.033333333,151.3333333,11,283.3333333,5,0.058333333,13.91046998
0.0,26.2,32,1427.676667,1,0.021875,19.9656361
0.001960784,187.1,101,7220.776667,5,0.013366013,3.998184141
0.0,0.0,7,189.2,0,0.014285714,78.56959864
0.0,17.94545455,18,268.4525974,3,0.014267677,0.0
0.0,12.06666667,45,591.2640602,1,0.013028631,0.0
0.0,0.0,21,1280.02,0,0.019047619,7.232201859
0.015384615,0.0,26,1911.711111,0,0.036666667,8.018832458
0.0,0.0,10,157.0666667,0,0.016666667,32.73061637
0.0,211.0,22,501.0714286,9,0.034666667,0.0
0.0,275.3333333,19,719.8833333,10,0.018518519,0.0
0.0,43.46666667,4,27.26666667,4,0.028571429,0.0
0.033333333,35.3,3,18.1,2,0.061111111,0.0
0.0,0.0,29,1970.0,0,0.0,100.7256048
0.0,8.1,16,2227.8,1,0.021428571,0.0
0.0,195.4,93,6412.233333,3,0.026687598,0.0
0.016666667,71.33333333,21,295.3333333,4,0.058333333,0.0
0.0,25.6,10,327.7733333,3,0.013095238,11.78466261
0.040909091,61.4,19,381.6,3,0.056818182,8.330574815
0.0,0.0,20,1002.366667,0,0.007894737,47.57898514
0.005405405,15.8,32,1213.65,1,0.024324324,1.273317415
0.0,68.66666667,14,617.15,4,0.004444444,9.253161679
0.007272727,0.0,53,1170.733333,1,0.025454545,31.90320066
0.00952381,0.0,22,681.58,0,0.025396825,14.63523974
0.008333333,168.2,15,2026.633333,5,0.039,0.0
0.004597701,165.1333333,87,3220.336667,2,0.01954023,0.0
0.0,18.0,10,363.6,2,0.015384615,0.0
0.022685185,252.667619,67,1060.693791,9,0.029967788,0.131837013
0.0,135.4,2,46.8,4,0.0375,0.0
0.004040404,42.2,98,2260.838889,4,0.007070707,32.9346011
0.0,62.9,30,647.518523,3,0.010437463,13.73292849
0.009090909,177.6,17,284.7833333,6,0.022727273,31.99181419
0.0,103.8,14,314.2933333,4,0.013333333,79.44353446
0.0,9.0,38,1147.696667,2,0.027642276,3.673829068
0.0,0.0,18,587.7333333,0,0.022222222,32.52380772
0.022222222,29.2,17,652.5666667,3,0.033333333,24.12558571
0.0,26.0,12,704.95,4,0.011764706,0.0
0.003225806,399.8,115,7243.649316,9,0.018928571,3.585439826
0.051851852,108.5333333,23,411.4666667,4,0.072469136,31.91414045
0.004444444,408.6,21,589.4214286,13,0.014814815,18.09857173
0.0,91.6,66,2101.305092,2,0.010049751,48.04390582
0.0,67.4,8,281.1,3,0.041666667,15.82044157
0.0,206.25,16,572.65,4,0.011111111,10.17711218
0.0,47.3,14,858.2,6,0.010526316,0.0
0.0,100.1,4,60.4,6,0.022222222,0.0
0.0,0.0,17,639.7566667,0,0.011764706,63.45892077
0.0,26.0,20,384.8,3,0.027272727,0.0
0.0,0.0,43,1606.45,0,0.004761905,18.51505467
0.0,211.05,75,3275.113333,5,0.009824561,29.61151281
0.017391304,134.36,22,568.9683333,6,0.021614907,12.39204312
0.0,0.0,6,102.2,0,0.0,40.27815244
0.0,0.0,66,1216.352121,0,0.0,62.853261
0.018181818,99.33333333,40,2011.966667,4,0.023484848,9.869649371
0.0,17.2,0,0.0,2,0.05,0.0
0.004081633,67.2,46,987.1190476,3,0.012244898,22.25592956
0.0,0.0,6,111.6,0,0.016666667,24.9184548
0.0,186.6666667,11,347.4,6,0.015,0.0
0.0,0.0,42,1892.198319,0,0.004545455,153.5776975
0.0,32.6,70,939.7833333,5,0.002702703,0.0
0.027380952,54.84285714,20,393.4095238,7,0.033928571,0.0
0.0,0.0,8,846.2,0,0.025,33.22292729
0.0,44.01666667,4,162.5333333,5,0.0,39.27673964
0.015510204,116.9607143,42,539.227381,8,0.011281179,0.0
0.0,14.2,22,839.568189,1,0.000952381,60.58437066
0.0,60.36666667,12,304.7,6,0.038596491,2.848312236
0.018181818,89.25,8,67.85,3,0.033333333,0.0
0.00130719,0.0,153,4565.930621,0,0.006432173,6.189215434
0.0,30.3,7,493.4,4,0.016666667,0.0
0.0,0.0,34,538.48,0,0.005882353,5.860439769
0.014285714,0.0,14,668.3166667,1,0.028571429,44.89345937
0.0,105.4666667,44,778.9666667,7,0.004166667,37.92414395
0.002554278,140.6,81,2408.312828,5,0.007459475,23.07581495
0.007407407,0.0,27,458.2560317,0,0.022222222,38.12368584
0.0,0.0,10,158.3666667,0,0.0,54.9950922
0.0,87.8,38,842.4235931,5,0.011382114,52.28594057
0.0,22.2,16,694.4549784,1,0.001470588,54.91911804
0.0,322.35,33,1845.394615,6,0.009714286,39.42556512
0.0,52.4,13,447.2,1,0.007692308,42.30391708
0.005533063,254.253245,221,6606.726779,16,0.016561375,4.083948025
0.0,169.2,14,315.4666667,4,0.011111111,34.75023292
0.0,86.95,17,481.31,3,0.0,27.69500776
0.0,15.0,11,223.4666667,2,0.028571429,0.0
0.004081633,298.2,48,1850.116667,2,0.004421769,7.56292207
0.014285714,29.2,10,126.9333333,1,0.036904762,13.59420027
0.0,26.2,13,245.1666667,1,0.0,58.9241766
0.014814815,39.2,26,1210.917778,1,0.014814815,2.480024644
0.0,333.54,12,568.1,6,0.0125,19.63031016
0.006716418,569.825,127,6065.016218,12,0.009265038,0.152167439
0.0,28.2,7,212.5,2,0.007407407,94.01683315
0.0,0.0,45,1165.84,0,0.034042553,7.198820003
0.0,29.2,0,0.0,1,0.066666667,0.0
0.02,27.46666667,28,524.06,2,0.054666667,20.42600013
0.022916667,419.0,14,362.1029825,5,0.021979167,3.164088313
0.0,0.0,8,320.2666667,0,0.044444444,17.79528223
0.0,142.35,73,3566.992857,7,0.003947368,23.15073799
0.02,0.0,10,349.1111111,0,0.02,88.39170518
0.0125,55.33333333,4,420.0,3,0.0625,0.0
0.012,103.9333333,16,172.1333333,9,0.049,0.0
0.0,0.0,31,641.6558915,0,0.005376344,60.04472938
0.016666667,82.46666667,10,153.9,4,0.016666667,0.0
0.0,21.2,24,1123.246667,1,0.017391304,30.04921703
0.0,69.0,51,2103.628837,2,0.015384615,40.659727
0.0,42.4,5,163.2,2,0.028571429,20.71678117
0.0,7.0,17,2269.9,1,0.019047619,0.0
0.001754386,99.8,28,839.7333333,7,0.009231412,0.0
0.001709402,84.5,346,12541.77628,3,0.006473478,5.177106841
0.005,0.0,80,1566.333333,0,0.027916667,0.720181023
0.0,98.6,7,131.8,3,0.02,88.84365062
0.0,29.44,4,15.24,3,0.039583333,0.0
0.002671513,158.6704505,146,5602.006712,6,0.00935218,6.711290592
0.014285714,315.845679,31,1314.112346,8,0.013518007,37.53469014
0.0125,19.8,2,10.0,4,0.034166667,0.0
0.04,66.33333333,12,368.68,3,0.084444444,21.24191985
0.0,0.0,4,72.0,0,0.0,35.34967016
0.0,0.0,32,905.1,0,0.0,83.80837784
0.001851852,184.7333333,106,4590.381905,3,0.00287037,3.96093872
0.0,49.4,45,1526.14119,2,0.004444444,117.6165932
0.0,0.0,7,211.6333333,0,0.0,28.80119616
0.003030303,432.2,30,363.677619,6,0.014018978,12.1958841
0.0,113.1,17,237.6066667,3,0.033333333,94.10360412
0.015762274,136.5,120,7604.397831,7,0.030675226,3.996742423
0.0,0.0,17,557.4,0,0.011111111,83.93274289
0.083333333,0.0,11,113.8,1,0.116666667,0.0
0.0,0.0,2,30.4,0,0.066666667,21.47899475
0.0,0.0,6,339.5,0,0.016666667,124.9045858
0.0,0.0,4,236.8,0,0.05,36.26141924
0.010687023,206.03,129,3778.345,6,0.024611656,2.169469761
0.0,0.0,2,48.4,0,0.0,34.03997536
0.0,236.8,240,5523.926505,9,0.001197045,20.62387076
0.0,23.0,3,1225.2,3,0.04,10.99901844
0.027118644,125.4533333,54,2240.996667,7,0.043050847,21.74067473
0.0,319.4,53,2525.307766,3,0.010606061,52.97841866
0.002631579,58.4,54,3708.392857,2,0.020467836,11.7031641
0.0,0.0,6,252.3,0,0.0,22.15399132
0.0,0.0,16,2214.666667,0,0.003921569,92.9041786
0.0,84.6,43,674.5333333,2,0.005319149,45.63345378
0.023809524,0.0,22,1076.65,0,0.036507937,10.7869918
0.0,23.2,0,0.0,1,0.033333333,0.0
0.007843137,0.0,51,507.5,0,0.011671335,12.01221257
0.004273504,415.55,115,4424.621667,5,0.023036223,13.29131586
0.0,59.4,73,891.568795,1,0.0,258.5498732
0.008333333,169.2,24,1433.163333,1,0.006944444,0.0
0.0,22.2,9,348.54,1,0.005194805,16.1722885
0.013661202,260.7361111,51,2921.902778,14,0.02989071,8.339171985
0.013636364,0.0,23,297.3,0,0.037207792,10.95661974
0.0,189.8,9,208.8333333,6,0.015384615,70.31635146
0.054545455,3.0,9,133.3666667,1,0.042424242,4.760328465
0.0,0.0,9,336.8833333,1,0.04,30.21969637
0.0,314.505,37,1048.663333,16,0.008695652,87.25396293
0.0,0.0,55,1023.506667,0,0.009090909,45.71146255
0.0,0.0,5,44.8,0,0.033333333,50.36347405
0.003191489,0.0,93,5496.25,0,0.014078014,0.139200623
0.0,0.0,20,526.8,0,0.010526316,104.2012273
0.003636364,515.6133333,50,1558.62,10,0.011878788,12.12586885
0.0,0.0,16,566.4866667,0,0.039365079,18.30205576
0.016352201,161.1076923,44,2982.063248,5,0.037389344,5.721365099
0.0,1660.3,2,45.7,4,0.016666667,113.9293434
0.0,36.2,22,1805.083333,2,0.008695652,3.586636448
0.002597403,20.2,77,3107.173333,1,0.017041847,18.74860165
0.025,73.95833333,17,864.9983333,2,0.0375,27.83116147
0.008333333,94.86666667,22,812.1357143,4,0.042708333,18.08644865
0.0,327.2357143,42,443.4990476,7,0.022666667,18.50321705
0.025,16.2,4,60.6,2,0.075,0.0
0.0,54.8,24,203.0677778,3,0.008,44.35972562
0.0,0.0,3,58.6,1,0.05,113.3238614
0.028571429,8.0,22,699.2671429,1,0.037698413,10.79250883
0.0,5.0,6,119.6,1,0.014285714,0.0
0.0,35.3,2,20.1,2,0.0,40.27815244
0.0,137.0,6,185.4,2,0.028571429,44.89345937
0.2,0.0,1,0.0,0,0.2,0.0
0.0,391.3,24,1015.3,4,0.004166667,61.91792063
0.0,176.9133333,72,1548.194444,4,0.007887882,1.891943485
0.062745098,0.0,17,601.0333333,0,0.092156863,18.87145759
0.0,0.0,39,922.4006061,0,0.001709402,154.0955389
0.0,24.2,18,1014.2,1,0.02,22.9772856
0.007843137,0.0,53,1121.433333,0,0.019607843,24.57349606
0.036363636,0.0,8,197.9,0,0.054545455,0.0
0.0,92.6,30,1126.392821,1,0.006666667,67.18378365
0.013636364,55.05,18,4916.583333,3,0.018636364,20.08902391
0.0,53.3,4,102.2,5,0.025,31.44363136
0.01,42.2,18,721.8,3,0.02,0.0
0.0,0.0,9,372.6,0,0.022222222,55.89978907
0.0,0.0,5,280.2,0,0.033333333,19.50605707
0.0,28.2,18,536.0857143,1,0.011111111,75.62994948
0.008636364,215.244507,101,3558.576942,10,0.012040588,30.87227217
0.0,213.0,2,338.0,3,0.0,112.4141272
0.0,46.4,2,689.1,1,0.016666667,0.0
0.008888889,18.2,44,725.2,1,0.031111111,24.83718656
0.004166667,214.7833333,52,1968.942963,10,0.023015892,17.75267237
0.005882353,0.0,33,2601.231408,0,0.011764706,177.7714536
0.0,156.2,3,50.4,1,0.0,92.97624144
0.0,12.0,29,919.8995238,1,0.017091837,7.36509031
0.0,0.0,10,672.5142857,0,0.018181818,60.71287168
0.009803922,1305.114737,27,1161.479023,11,0.022538246,12.76490187
0.022222222,147.4,12,1226.1,5,0.037301587,5.034409251
0.0,19.1,8,137.7,2,0.01,0.0
0.003030303,293.0,12,399.0666667,8,0.010606061,37.86167396
0.0,46.4,8,168.2,3,0.033333333,4.78307258
0.02,4.0,8,244.0,1,0.04,15.45198077
0.0,12.6,6,140.7,1,0.00952381,15.89480154
0.0,10.0,2,8.0,3,0.033333333,0.0
0.0,279.28,17,835.4180952,8,0.018571429,35.89140755
0.005882353,131.0,30,548.96,4,0.026470588,6.929826318
0.0,0.0,14,825.3333333,0,0.0,50.4111604
0.0,0.0,10,322.3666667,0,0.009090909,61.80843596
0.039047619,253.0666667,67,2568.675541,2,0.071984127,4.001173545
0.0,0.0,24,991.4222222,1,0.008333333,17.62211147
0.014285714,176.68,23,700.58,5,0.019047619,9.352780048
0.015384615,119.0295082,37,1305.527286,3,0.022135467,6.324477083
0.0,456.9,35,1113.783333,8,0.012017544,12.1225775
0.0,0.0,14,487.3209524,0,0.002380952,47.32661324
0.011764706,205.7,10,157.1,13,0.033333333,0.0
0.017948718,51.4,41,883.1395238,1,0.033333333,48.7880688
0.0,46.9,26,561.4,3,0.007142857,53.88782441
0.0,0.0,14,199.4904762,0,0.0,17.36252324
0.0,0.0,7,138.8733333,0,0.0,179.307293
0.0,16.6,39,581.9419883,1,0.000732601,68.32050059
0.00625,92.1,29,852.0,4,0.022395833,0.0
0.0125,0.0,7,169.9866667,0,0.033333333,21.27271783
0.0,337.6,2,8.0,2,0.04,0.0
0.0,26.2,28,677.5333333,1,0.019472789,0.0
0.003111111,549.0,213,9151.494242,10,0.013391698,2.568483894
0.006060606,398.0,27,770.3133333,7,0.03030303,10.05190252
0.004761905,74.4,42,1481.866667,2,0.004761905,44.73610411
0.0,70.6,27,213.0157143,2,0.007407407,79.51302667
0.0,218.8,5,71.4,5,0.02,11.21330466
0.011392405,225.22,68,1607.173333,11,0.033333333,0.0
0.0,0.0,10,447.1333333,0,0.018181818,17.29676376
0.0,153.5666667,16,742.2095238,5,0.015789474,22.89972198
0.0,291.2357143,36,940.1044266,10,0.002845528,87.30695843
0.0,218.9666667,12,672.7,4,0.004444444,83.10114264
0.0,0.0,2,47.4,0,0.066666667,26.85210163
0.004938272,0.0,54,4749.25,0,0.029938272,8.285119366
0.0,0.0,22,494.6333333,0,0.004545455,42.29306752
0.0,75.6,122,1655.57,3,0.0064,17.0952864
0.0,136.1,45,1424.804887,5,0.008333333,10.19295165
0.0,25.2,13,238.5333333,2,0.009375,36.70369311
0.004,0.0,45,3198.186667,0,0.016363636,32.41773364
0.004255319,134.3733333,40,1773.610152,8,0.008355899,13.49047237
0.0,149.2,13,272.0083333,1,0.014285714,82.021436
0.0,23.2,4,52.4,1,0.02,0.0
0.0,82.6,28,1375.133333,1,0.020689655,4.818947334
0.006451613,87.8,120,2016.564401,9,0.012613585,33.41173784
0.0,250.8,20,1424.4,3,0.0,31.72080812
0.0,38.2,21,1290.5,1,0.0,86.12351528
0.0,10.0,25,583.35,1,0.016,71.07435633
0.012903226,20.2,27,2129.8,2,0.051612903,6.476760366
0.005882353,353.7,23,959.9,8,0.016666667,4.428052445
0.0,116.8,5,170.4,2,0.028571429,88.06848401
0.02,0.0,9,153.2,0,0.06,27.8892456
0.010810811,174.75,33,773.2566667,6,0.022972973,31.74373458
0.0,0.0,13,353.7866667,0,0.016666667,36.33496365
0.0,400.65,27,952.2833333,8,0.00137931,0.0
0.0,33.86666667,109,1759.686519,2,0.009734513,48.73081038
0.016,9.0,23,1516.2,2,0.028,17.72722287
0.003636364,14.2,53,2016.566667,2,0.036363636,8.154361332
0.0,97.6,24,498.9,8,0.01875,5.818151241
0.0,0.0,29,1085.9,1,0.007407407,30.54596337
0.0,90.6,6,166.0,3,0.025,0.0
0.0,10.1,10,256.1857143,1,0.007407407,46.84856664
0.0,0.0,9,980.5666667,0,0.011111111,78.56959864
0.014285714,0.0,12,309.3666667,0,0.019047619,14.37785831
0.0,0.0,14,320.25,0,0.013333333,52.17313647
0.0,127.8,15,766.8238095,5,0.0,65.4726506
0.0,352.3666667,11,605.6166667,6,0.008888889,0.714623214
0.0,78.6,2,18.2,3,0.02,0.0
0.04,0.0,4,226.8,0,0.06,12.83702398
0.0,309.6333333,50,2230.986667,15,0.004371585,40.77935433
0.0,67.4,14,590.5533333,1,0.007142857,38.06520001
0.0,28.2,1,0.0,1,0.05,0.0
0.0,32.2,11,222.5,2,0.015384615,0.0
0.0,0.0,4,123.3,0,0.0,67.98927956
0.0,604.73,63,1276.843158,11,0.006712329,0.0
0.010204082,240.9,237,9437.769068,6,0.030380952,1.453831135
0.0,32.2,17,876.4285714,1,0.0040625,0.0
0.006666667,4.333333333,3,14.33333333,1,0.074444444,0.0
0.005,72.57333333,27,1091.323333,5,0.029166667,0.0
0.0,85.6,1,5.0,4,0.033333333,0.0
0.006060606,109.6,29,1980.266667,5,0.026262626,0.0
0.007017544,0.0,21,344.1714286,0,0.007017544,13.59007196
0.0,46.3,2,22.83333333,4,0.033333333,0.0
0.0,822.7666667,17,1229.466667,4,0.041269841,0.0
0.022076923,0.0,125,3835.564121,1,0.039945665,1.002042069
0.0,126.3333333,11,401.0133333,2,0.022222222,45.12532172
0.0,44.22857143,13,311.79,3,0.002666667,34.03997536
0.0,0.0,1,27.2,0,0.0,58.37208988
0.0,0.0,28,2195.580952,1,0.021428571,8.391281758
0.0,49.75,20,547.4007937,3,0.011688312,15.06586317
0.009756098,0.0,41,4006.352857,0,0.014634146,48.99526482
0.041666667,45.7,13,94.6,4,0.070670996,0.0
0.0,175.1,26,615.5595238,5,0.002083333,62.77367187
0.0,343.0666667,63,1108.369762,3,0.002786596,7.826836353
0.0,0.0,12,749.8,0,0.015384615,23.00459544
0.0,55.4,28,630.6466667,1,0.016666667,12.58722248
0.00177305,139.0,137,7672.152381,1,0.011631206,37.72031898
0.053333333,36.3,1,0.0,1,0.093333333,0.0
0.0,0.0,22,583.0933333,0,0.015942029,2.749716646
0.0,268.2,49,1758.25,11,0.020562771,0.0
0.0,0.0,7,96.0,0,0.025,54.20146753
0.0,148.6,8,144.9,7,0.021052632,27.14408757
0.0,0.0,27,393.3,0,0.006666667,3.92827844
0.0,286.5333333,31,835.71,14,0.007317073,33.05509961
0.0,0.0,3,62.4,0,0.05,23.79060609
0.005555556,15.2,11,201.6333333,1,0.05,31.49043616
0.0,0.0,24,607.9666667,0,0.004166667,19.47465798
0.005714286,0.0,33,835.3,1,0.028571429,2.159096645
0.0,154.0,8,422.08,3,0.035185185,27.93478267
0.0,22.8,81,1342.75,2,0.008860759,0.0
0.0,15.2,19,348.6,1,0.005555556,0.0
0.005128205,93.10666667,32,810.0816667,3,0.015099715,17.27062073
0.0,6.0,9,89.5,2,0.058333333,0.0
0.0,60.2,13,409.8371212,4,0.005882353,20.10126693
0.0,285.7,28,587.9228571,7,0.00962963,10.57326688
0.0,76.4,2,49.4,4,0.033333333,16.77416803
0.012239583,421.25,59,1945.896667,7,0.010578704,28.52919049
0.0,203.6,42,1052.4,8,0.004545455,37.35725827
0.0,72.4,3,86.6,3,0.033333333,0.0
0.0,0.0,14,103.7579088,0,0.026666667,45.92878029
0.0,0.0,7,728.8,0,0.0,58.9241766
0.0,49.2,3,22.0,4,0.025,0.0
0.0,0.0,8,170.5333333,0,0.0,37.96905976
0.0,285.9,13,291.3,6,0.0125,53.11442085
0.0,103.6,26,2609.0,4,0.002380952,47.12454606
0.0,38.57777778,7,584.3777778,5,0.064351852,0.0
0.2,0.0,3,0.0,0,0.2,0.0
0.0,39.4,40,673.65,2,0.014634146,23.76322043
0.000340136,95.8,83,4052.358631,2,0.008176477,19.61979883
0.007142857,72.04,24,709.4333333,6,0.016666667,15.70942935
0.0,4.0,22,360.65,1,0.01037037,1.453922921
0.01,44.3,17,468.85,3,0.006666667,64.2879309
0.001811594,70.20765027,89,2542.60431,5,0.012188596,5.887666731
0.0,156.2,22,742.0,5,0.007407407,32.22252197
0.0,0.0,51,1219.054286,0,0.012113703,9.063088034
0.0,277.8,25,884.5,5,0.003571429,7.48051616
0.004878049,62.13333333,79,3421.653333,1,0.022357724,4.127430681
0.0,34.2,26,502.4533333,1,0.002564103,22.65617015
0.004255319,76.6,46,4598.433333,1,0.046808511,10.72449269
0.015067698,381.6731217,86,1618.40328,16,0.022043153,3.885233567
0.0,75.1,7,102.7,4,0.011111111,0.0
0.0,0.0,11,660.8,0,0.0,33.83646892
0.0,0.0,7,376.7,0,0.0,53.6853974
3.94e-05,73.23333333,310,7710.731416,7,0.00751105,0.098621403
0.014814815,76.6,28,488.91,2,0.022222222,45.19820194
0.0,130.35,8,314.85,3,0.018181818,0.0
0.0,574.4511905,41,2688.864762,14,0.011853002,36.96220452
0.0,24.2,0,0.0,1,0.066666667,0.0
0.0,0.0,35,536.7333333,0,0.012222222,3.70979448
0.00625,0.0,16,213.8,0,0.06875,0.0
0.0,0.0,5,131.8333333,0,0.013333333,36.13790493
0.0,110.8,6,85.76666667,2,0.028571429,59.57182786
0.023076923,75.5,10,158.9733333,4,0.038461538,20.65287956
0.0,16.6,32,783.2085714,2,0.005714286,0.0
0.0,1415.5,34,588.3666667,5,0.030246914,8.041078329
0.0,6.0,38,876.4766667,2,0.014529915,6.328693274
0.0,273.0,11,385.74,3,0.007692308,17.81649911
0.018181818,0.0,9,154.8,0,0.03030303,20.74935126
0.023529412,0.0,17,504.0833333,0,0.035294118,36.07906944
0.0,289.6833333,41,678.4833333,11,0.032173913,13.57270341
0.005714286,245.4,61,3773.3,13,0.025021645,22.37276151
0.022222222,0.0,8,724.2,0,0.03968254,5.091914289
0.0,75.5,3,66.05,6,0.022222222,21.47142017
0.0,53.9,34,422.5230769,1,0.006015038,36.31643173
0.0,0.0,3,294.7,0,0.0,30.20357704
0.006666667,180.4,28,1907.08,1,0.015555556,19.24405095
0.0,151.0,30,1547.233333,4,0.012121212,28.40448178
0.021052632,210.5666667,10,124.8666667,9,0.030526316,0.0
0.0,0.0,18,1110.866667,0,0.014814815,57.03508179
0.018181818,58.4,11,503.2666667,1,0.036363636,24.72209216
0.0,103.6,1,7.0,3,0.04,0.0
0.0,0.0,1,15.6,0,0.0,47.7917708
0.0,266.7433333,26,743.4766667,9,0.021969697,9.284545518
0.0,0.0,54,941.4666667,0,0.003773585,26.67428219
0.0,292.2,19,1391.383333,2,0.02,18.84993357
0.0,25.7,6,143.3,1,0.028571429,38.27331194
0.0,0.0,3,121.2704225,1,0.04,36.14032284
0.0,124.2,5,94.6,6,0.022222222,0.0
0.0,112.8,8,543.7333333,1,0.011111111,28.69843548
0.0,97.2,26,690.5666667,4,0.003703704,59.33984611
0.0,51.4,7,562.3,1,0.0,36.65735004
0.024509804,107.4,32,833.325,2,0.035882353,0.0
0.0,580.2,48,2734.966667,8,0.007692308,27.60143046
0.001098901,471.06,171,5830.91,10,0.005494505,0.0
0.0,115.8,46,2557.35,4,0.01372549,44.35848718
0.003013699,310.0666667,71,1441.974535,8,0.009218133,48.30461627
0.0,191.4,13,679.9033333,1,0.002564103,34.86423061
0.0,118.9,30,1216.726667,2,0.008602151,26.13036122
0.01047619,15.2,31,2725.708571,1,0.026482993,20.14579261
0.0,66.9,12,86.63333333,5,0.025,42.93595137
0.022222222,0.0,8,846.6,0,0.022222222,24.61778468
0.0,0.0,18,1257.946667,0,0.003921569,33.50211155
0.036363636,0.0,11,192.45,0,0.040909091,27.31510469
0.0,100.0666667,30,310.3355556,4,0.000480769,28.52395644
0.0,27.4,5,51.2,5,0.005,0.0
0.0,93.4,38,689.65,5,0.004878049,34.48748308
0.0,93.8,45,2139.7,5,0.004081633,20.2755559
0.0,81.6,1,27.2,2,0.04,0.0
0.0,39.8,9,132.4,4,0.006666667,0.0
0.0,104.4,32,879.75,6,0.014285714,20.503488
0.014137484,504.2533333,243,8768.477228,12,0.028099523,1.827470744
0.024119241,78.64980843,117,4185.096695,2,0.04298103,2.427453927
0.0,0.0,20,593.7019802,0,0.005364455,20.82613173
0.011764706,410.9,24,1220.257143,8,0.024215686,8.887671892
0.0,0.0,5,883.6,0,0.0,125.8939091
0.0,0.0,15,89.38333333,0,0.0125,39.6497508
0.0,64.4,5,47.3,3,0.022222222,45.82834797
0.0,46.4,16,463.36,2,0.011111111,46.33991252
0.002777778,0.0,93,2299.97,0,0.0109375,16.95907848
0.0,0.0,5,120.79,0,0.00952381,11.80891356
0.0,52.53333333,16,2059.3,3,0.027777778,26.18852293
0.014285714,0.0,14,242.0833333,0,0.023809524,0.0
0.0,0.0,84,2524.194444,0,0.013730159,0.0
0.0,6.5,10,511.25,1,0.007407407,7.848538778
0.0,0.0,24,610.6333333,0,0.020833333,0.0
0.004022989,0.0,58,2174.708333,0,0.015229885,0.0
0.0,441.85,122,2577.449603,9,0.010463332,75.27712913
0.0,21.0,19,750.2083333,3,0.019047619,60.51988521
0.0,64.66666667,38,1445.666667,4,0.005263158,52.11335786
0.016666667,77.66666667,8,159.75,4,0.038888889,0.0
0.004123711,43.5,93,3773.715179,1,0.018162523,17.77043431
0.0,56.6,55,1058.338095,5,0.007142857,37.21183634
0.0,0.0,29,1211.166667,0,0.006896552,0.0
0.006113821,524.75,197,6309.427034,11,0.011878229,3.364060957
0.001449275,26.5,71,1260.441758,1,0.008792271,3.74015068
0.0,65.92857143,17,557.6869048,3,0.009803922,25.27760515
0.0,83.0,15,630.0,2,0.003333333,42.23025869
0.0,0.0,14,1131.208333,0,0.015384615,94.19490268
0.022727273,90.17857143,19,1214.307692,2,0.031677489,15.52703405
0.0,123.5,22,759.5833333,3,0.0096,46.6785275
0.005046115,935.1,172,10524.35936,8,0.01576463,2.924161864
0.110714286,256.5,10,117.25,2,0.130952381,0.0
0.005633803,0.0,71,1375.264286,0,0.017425336,0.0
0.0,28.0,27,434.5,2,0.006896552,0.0
0.0,192.9204545,60,1394.236526,9,0.003030303,63.64653548
0.0,0.0,10,455.0,0,0.022222222,25.7526389
0.0,46.5,3,26.0,5,0.028571429,0.0
0.0,81.0,15,914.5,1,0.014285714,56.5802171
0.008843537,49.85714286,94,4804.834524,4,0.023561816,0.0
0.000183655,0.0,98,2400.037843,0,0.011646771,0.0
0.0,29.75,12,398.9803922,3,0.005555556,50.51764193
0.0,56.5,16,541.875,1,0.0125,15.14864831
0.0,0.0,17,1059.575,0,0.011764706,62.76294758
0.012698413,492.1666667,63,4518.297619,1,0.039761905,8.137274079
0.015646259,63.875,43,1329.686508,4,0.036603499,0.0
0.006666667,109.6666667,7,86.16666667,6,0.051111111,0.0
8.08e-05,72.01960784,157,4461.28524,6,0.007018826,31.85608032
0.007699443,171.5,75,2416.060484,4,0.036664764,0.0
0.0,0.0,12,846.25,0,0.018181818,40.4014481
0.0,95.33333333,16,819.3333333,1,0.015625,25.25564195
0.0,33.5,34,1181.85119,1,0.03515625,0.0
0.002453988,60.16666667,159,5608.913545,4,0.018075125,2.702517858
0.0052,317.0189394,238,9956.225533,15,0.016955684,6.556237434
0.0,0.0,18,773.2,0,0.0125,46.4748023
0.002531646,224.3,74,1845.958333,3,0.017679325,34.67841487
0.0,0.0,8,642.0,0,0.028571429,109.1211555
0.005050505,69.66666667,161,6524.035369,4,0.013944826,45.41882207
0.005263158,47.5,37,839.2083333,4,0.017105263,12.96520279
0.002580645,11.16666667,28,2245.333333,1,0.028494624,36.2003121
0.014285714,0.0,14,731.5,0,0.042857143,0.0
0.005194805,66.5,152,3684.321458,3,0.010451453,12.64606692
0.0,233.475,118,4251.208187,11,0.012659622,14.67198629
0.010654414,134.75,165,6323.853465,5,0.02804138,3.512852934
0.002837838,93.5,293,12268.24477,4,0.01542982,2.164809711
0.002702703,111.5416667,68,1664.14881,8,0.021846847,6.693658292
0.004859086,118.1785714,162,5399.231269,11,0.014667832,14.77221948
0.015789474,0.0,20,968.75,0,0.018421053,73.98253901
0.0,56.5,19,1089.75,1,0.003508772,24.872085
0.0,0.0,15,418.375,0,0.013333333,13.18554515
0.0,0.0,53,2052.125,0,0.003921569,52.49862029
0.003076923,37.0,62,1193.0,3,0.015384615,21.6018009
0.0,0.0,6,222.0,0,0.04,87.9029606
0.000617284,159.0,33,821.6825397,4,0.019343434,0.0
0.0,183.0,28,586.3722222,1,0.004021164,0.0
0.00625,0.0,65,732.0916667,1,0.0203125,2.734351538
0.0,4.0,37,1828.375,1,0.013888889,8.258088766
0.0,0.0,8,247.5,0,0.00952381,0.0
0.015384615,4.0,13,2123.5,1,0.030769231,42.74590431
0.006666667,189.25,25,635.4916667,6,0.010222222,10.58098677
0.0,60.5,5,50.0,5,0.025,0.0
0.004411765,145.0,130,5252.861501,7,0.012009804,0.680988542
0.0,33.5,18,1169.0,1,0.011764706,54.38258659
0.004373522,3.0,137,4791.460889,2,0.020956372,5.482895824
0.012244898,30.7,38,1481.783333,6,0.029387755,0.0
0.006666667,0.0,31,1144.972222,0,0.008333333,77.04199767
0.0,70.25,58,3022.370406,4,0.009611111,0.0
0.0,479.25,51,2156.525403,6,0.011878788,6.229994739
0.002247191,0.0,89,3480.811706,0,0.014700375,0.0
0.002878526,438.3309524,178,6241.687398,22,0.016885589,2.038399449
0.0,40.5,49,1587.25,1,0.011538462,35.79969486
0.0,75.16666667,20,1173.417614,1,0.002,21.41943708
0.011111111,0.0,17,318.25,0,0.05,17.96069044
0.0,31.25,31,1470.208333,1,0.012222222,0.0
0.0,160.0,55,1707.666667,6,0.005357143,24.10206377
0.0,0.0,24,452.4166667,0,0.020833333,0.0
0.01,0.0,20,447.047619,0,0.028888889,0.0
0.0,0.0,25,952.6777778,0,0.023541667,23.57537117
0.0,48.66666667,20,540.75,2,0.004166667,38.88816225
0.0,98.75,126,6085.002381,5,0.004264323,28.79847144
0.0,334.5,17,939.0833333,2,0.0225,18.22304387
0.0,671.0833333,32,1403.828355,8,0.003153153,37.05600958
0.005128205,144.4615385,111,2312.337853,7,0.013887559,8.191922892
0.010526316,113.75,15,1047.0,7,0.019298246,0.0
0.0,0.0,30,1682.275,0,0.014285714,41.13336886
0.0,0.0,3,21.0,0,0.066666667,0.0
0.002514286,173.55,164,4155.746883,14,0.01343784,13.76473644
0.0,156.6071429,83,2694.507143,9,0.009090909,0.0
0.014634146,257.5,37,2533.333333,6,0.031707317,6.651334683
0.009039548,0.0,60,1315.177778,0,0.031793785,0.0
0.0,21.0,17,256.95,3,0.02,0.0
0.0,67.5,12,592.25,1,0.018181818,218.8649096
0.00125,0.0,39,1159.541667,1,0.03125,0.0
0.0,0.0,36,1609.939744,0,0.009323308,12.50325678
0.000387597,112.5,86,2041.23355,6,0.00786268,5.911452178
0.0,153.85,19,504.6,7,0.018518519,0.0
0.001949318,328.75,108,2793.733084,9,0.019205066,0.0
0.005517241,110.5,137,5380.686996,6,0.021311846,1.963592426
0.0,75.0,26,2058.3,2,0.0125,8.524548919
0.005670471,107.0,250,8622.38,5,0.02250017,0.0
0.009230769,42.25714286,124,4067.010247,7,0.022888335,6.709440135
0.0,513.8333333,33,2690.333333,6,0.01754386,30.21878011
0.005405405,0.0,37,918.5416667,0,0.005315315,0.0
0.0,297.75,41,2422.375,13,0.016037736,72.43846009
0.0,0.0,14,169.9166667,0,0.076190476,0.0
0.019565217,98.26666667,37,1630.137415,9,0.038037998,0.0
0.002142857,52.5,139,3674.737578,3,0.011897444,17.50624004
0.0,172.0833333,21,486.1472222,5,0.0105,48.0136549
0.0,223.375,37,3152.5,8,0.011965812,13.25001247
0.001183432,61.875,164,4389.887512,5,0.010151043,6.664239119
0.007701238,1106.389831,125,7444.938071,12,0.022385989,7.201209277
0.007692308,65.5,23,783.75,4,0.030769231,0.0
0.008450704,0.0,72,2304.15,0,0.020355466,3.178183427
0.00562963,232.3535714,439,17550.58486,12,0.018437701,2.626909076
0.008108108,125.25,146,3697.731633,6,0.015188129,73.35866939
0.00952381,0.0,21,499.75,0,0.033333333,0.0
0.002298851,662.3392857,81,4284.422619,13,0.022822804,2.647620068
0.0,15.0,15,691.8333333,1,0.014285714,59.6118415
0.0,64.46428571,29,1414.589286,4,0.0125,21.05431578
0.0,21.0,13,1474.5,1,0.016666667,69.46175766
0.008333333,94.1,92,4212.141886,6,0.021875,6.664927724
0.011764706,229.0,27,760.7708333,10,0.012941176,41.2169154
0.002073171,250.0833333,155,4643.283732,9,0.007466851,10.11599409
0.0,268.4166667,41,1124.875,7,0.011904762,0.0
0.003448276,101.625,140,7097.582291,6,0.009952433,21.88856759
0.0,0.0,10,208.0,0,0.022222222,125.961749
0.002619048,238.775641,200,7972.322431,11,0.014230973,21.83420125
0.0,71.08333333,24,1249.708333,5,0.005128205,52.28491058
0.014516129,195.0,56,3408.266667,8,0.027557013,9.594846798
0.018181818,73.0,12,2156.5,1,0.027272727,68.88769355
0.0,677.1911765,152,3561.130212,15,0.008686559,5.731607803
0.003082192,451.2836134,131,2460.323686,8,0.021249277,2.325663803
0.0,0.0,44,784.8833333,0,0.004761905,360.9533839
0.0,62.5,17,775.3333333,2,0.045098039,0.0
0.004487179,147.5,48,698.6715201,2,0.01989011,68.91364255
0.013978495,47.0,28,687.4670635,4,0.02734255,108.9089884
0.007496464,561.5,95,4817.924102,2,0.025637791,50.09121868
0.0,86.0,12,905.5,6,0.026666667,23.6393946
0.002631579,0.0,37,1254.75,0,0.010175439,34.15414773
0.0,72.5,35,2429.8125,5,0.023684211,102.4922188
0.04375,0.0,8,885.0,0,0.0375,49.72830378
0.002564103,42.0,232,5932.596554,5,0.014824296,0.0
0.00962963,66.83333333,125,3075.978608,4,0.022299824,0.0
0.003809524,190.4375,60,1967.780163,7,0.0154654,2.627347196
0.008959436,49.5,50,1570.362302,3,0.027766386,1.818480813
0.005357143,48.5,53,2438.075,2,0.017261905,29.04476648
0.022,0.0,99,2622.600281,0,0.028519936,0.0
0.0,0.0,11,667.9166667,0,0.009090909,0.0
0.012903226,14.75,32,839.4305556,2,0.028602151,13.91276554
0.021052632,0.0,19,273.7083333,0,0.035087719,0.0
0.013285024,46.5,91,3309.448776,2,0.020476218,0.0
0.010416667,5.0,47,1480.233333,1,0.027824074,15.15643787
0.0,0.0,8,332.0,0,0.028571429,14.1273698
0.0,99.75,31,835.5833333,3,0.006451613,47.44850792
0.036363636,0.0,13,555.5029412,0,0.020095694,47.99199256
0.010526316,378.75,15,638.9166667,4,0.031578947,0.0
0.0,135.5,30,2040.166667,3,0.022727273,4.350513745
0.010810811,169.5,35,990.4642857,2,0.027027027,14.78162714
0.017021277,0.0,47,2493.985714,0,0.032056738,0.0
0.0,24.75,2,74.75,3,0.022222222,0.0
0.0,0.0,44,1924.505952,0,0.004651163,59.21256014
0.0,88.25,37,2304.5,4,0.005,14.54270238
0.004385217,1307.675,517,27009.85943,20,0.014593571,8.4031637
0.0,27.5,114,1403.720238,1,0.000589971,255.5691579
0.0,471.25,21,883.0,5,0.010666667,44.98081787
0.005998168,136.0,85,2155.653752,5,0.019225201,3.920321611
0.0,34.5,18,3026.374242,1,0.005263158,38.92648303
0.006153846,26.5,24,760.7632353,1,0.020512821,33.11000268
0.0,51.04166667,14,837.375,5,0.011481481,0.0
0.0,0.0,8,1066.25,0,0.028571429,9.0847678
0.0,0.0,29,873.75,0,0.031034483,0.0
0.012098765,122.1,20,695.19375,8,0.058821329,0.0
0.00867052,210.427451,154,6515.45431,13,0.017328726,2.982410939
0.00952381,0.0,100,5212.708333,0,0.025768619,8.505586651
0.004255319,77.5,46,1066.566667,2,0.019148936,51.00308169
0.0,36.0,9,163.5,3,0.014285714,0.0
0.00455693,1443.1,225,9595.649629,11,0.012050716,9.242286032
0.003760684,0.0,194,6460.192638,0,0.017284446,1.79107248
0.005128205,23.0,39,1828.966667,2,0.02008547,20.5924708
0.006349206,235.1861702,71,2512.51742,8,0.025572609,0.0
0.0,0.0,32,1297.75,0,0.0075,42.62274459
0.004848485,65.41666667,29,1904.541667,6,0.026060606,0.0
0.004166667,86.2,48,2259.736508,2,0.010138889,12.22605425
0.0,0.0,57,2716.666667,0,0.005263158,0.0
0.03,0.0,10,165.0,0,0.046666667,0.0
0.007317073,0.0,43,898.2388889,0,0.031707317,8.898618695
0.002325581,163.6333333,80,1979.3,10,0.024224806,19.73335395
0.007542901,318.6410256,216,7761.034859,10,0.022135148,1.589329821
0.007586207,78.35714286,309,12158.19639,7,0.025532176,0.0
0.0,0.0,9,436.0,0,0.025,68.1974018
0.0,0.0,43,3044.047222,0,0.004545455,3.940422761
0.019607843,179.875,47,1011.319444,5,0.046744236,3.322660364
0.005263158,111.0,32,1206.833333,8,0.014473684,19.27621155
0.008955224,286.4642857,64,2058.604545,5,0.009549977,6.49391045
0.003928571,111.0,131,5396.264881,7,0.013640873,7.513426372
0.003571429,48.1875,51,1792.814481,2,0.01186886,60.07483189
0.026111111,115.375,20,473.5,5,0.028996212,14.88419318
0.0,0.0,28,859.3333333,0,0.007407407,17.50632106
0.0,0.0,72,1460.908333,0,0.014851055,0.0
0.01031746,0.0,84,2197.780952,0,0.014779942,0.0
0.007670851,26.0,235,10046.80771,4,0.022527689,0.0
0.0,0.0,58,3178.5,0,0.015789474,0.0
0.012121212,0.0,33,1412.316667,0,0.051717172,0.0
0.0,0.0,7,103.5,0,0.057142857,0.0
0.0,0.0,16,829.0833333,0,0.0125,41.67536194
0.003964723,631.4166667,501,21672.24425,11,0.014292461,9.131386805
0.002623688,32.64285714,224,6095.481945,7,0.016400421,10.36159616
0.006,184.9333333,70,3993.135714,7,0.014539683,32.09724943
0.0,104.25,38,1429.875,4,0.022807018,4.113391331
0.0,9.0,15,688.1833333,1,0.011904762,43.03066045
0.006557377,227.6,54,1935.06131,9,0.022222222,42.19732111
0.007407407,554.75,34,1466.088462,11,0.024345679,10.73461716
0.006774194,256.5,57,1319.366667,8,0.032699169,3.373062968
0.0,0.0,27,520.0,0,0.003703704,0.0
0.001904762,305.905303,101,6038.244769,10,0.019112158,51.36077038
0.004098361,203.9166667,118,3903.167094,8,0.012520167,55.01131298
0.013684211,1230.333333,68,3147.245589,13,0.026801619,1.597803468
0.0,0.0,34,1401.458333,0,0.023529412,0.0
0.0,45.75,18,1273.083333,4,0.031818182,6.750968245
0.012345679,189.1098485,73,3059.013889,9,0.024897119,16.74209908
0.000595238,0.0,56,2749.15,0,0.023809524,0.0
0.010638298,79.25,39,1080.875,4,0.024964539,20.06500939
0.00025974,155.6078431,108,2942.021588,3,0.013002525,7.890931935
0.013333333,175.9166667,12,276.25,5,0.046666667,0.0
0.001333333,137.5,145,6165.878774,10,0.020769697,0.0
0.0,27.0,2,16.0,3,0.05,0.0
0.01042524,46.04166667,75,6057.928961,4,0.019667423,0.0
0.0,5.0,37,2235.828084,1,0.010810811,50.07598981
0.0,6.0,14,1183.0,1,0.004761905,17.5336164
0.028571429,0.0,21,685.1744048,0,0.043174603,0.0
0.0,103.0,20,1140.666667,1,0.005,19.18108767
0.00212766,0.0,95,3208.208333,0,0.010851064,5.364419268
0.0,0.0,3,139.0,0,0.066666667,127.3080148
0.022222222,113.25,23,2049.75,6,0.033333333,95.35469341
0.014613095,474.4764124,92,2324.820965,22,0.020072361,7.935285933
0.012004662,263.3583333,69,3416.279167,10,0.019056732,0.0
0.0,234.1666667,24,1589.583333,4,0.007692308,61.20406619
0.0,459.3333333,25,2408.815476,8,0.008333333,81.19520286
0.004081633,0.0,48,1512.75,0,0.033469388,0.0
0.004176829,572.5833333,318,13717.40205,15,0.015642808,45.15513521
0.0,53.75,77,2194.490404,7,0.010341365,44.1286184
0.0,0.0,3,402.0,0,0.066666667,0.0
0.02,0.0,10,273.75,0,0.053333333,0.0
0.0,0.0,15,734.25,0,0.015384615,40.4014481
0.002083333,164.625,43,1110.579167,8,0.010671296,16.35594008
0.000840336,13.75,32,855.5416667,1,0.027058824,22.95499447
0.015662578,133.3333333,129,4653.190245,6,0.025219763,6.017563943
0.0,25.5,0,0.0,1,0.066666667,0.0
0.003508772,42.5,54,5972.416667,3,0.010526316,70.33953705
0.021052632,0.0,21,1461.833333,0,0.036842105,23.82324931
0.006959671,298.0820225,397,11940.0165,11,0.009804129,9.221243019
0.000275482,182.6428571,64,2671.06994,3,0.017352092,37.59646822
0.002380952,226.0,81,4836.486905,4,0.010714286,5.312300227
0.0,283.25,38,1166.166667,9,0.004761905,18.60589711
0.0,390.5,27,1285.583333,4,0.006896552,14.67222588
7.27e-05,278.1519608,150,5575.614608,13,0.017155355,1.529570511
0.0,33.0,17,386.4166667,3,0.01,0.0
0.0,10.0,9,700.0,1,0.011111111,29.62188989
0.0,37.5,18,607.5,3,0.010526316,361.7637419
0.002739726,274.25,61,2267.330952,10,0.005348989,48.6094789
0.001538462,65.16666667,123,5969.573168,9,0.013923077,10.69237969
0.006896552,218.6666667,24,1737.0,6,0.015172414,23.51599702
0.003896104,0.0,113,5178.531731,0,0.030191572,0.0
0.0,57.5,16,1226.0,2,0.0125,143.4766783
0.006906077,202.25,175,4877.122575,12,0.014774057,0.0
0.017687075,89.5,48,1572.2,3,0.0388854,20.11392747
0.008962264,0.0,159,5878.940603,0,0.018569755,0.0
0.0,140.25,4,213.5,5,0.009090909,0.0
0.0,0.0,17,1040.1,0,0.013333333,128.8278691
0.0,115.5,55,1833.244643,3,0.008286252,18.61684302
0.0,0.0,30,1438.0,0,0.013793103,100.1655678
0.006967985,269.0416667,171,6400.430101,8,0.017556729,4.213364204
0.038927739,126.0769231,34,1395.445862,4,0.042311136,48.66071756
0.0,85.5,30,2188.258333,5,0.0078125,45.58268367
0.004038462,241.8541667,202,10014.26935,15,0.021947073,1.606825723
0.0375,15.0,19,523.25,2,0.046666667,28.18955966
0.02384954,173.2632132,49,1465.555338,5,0.023755148,20.6672459
0.0,103.0,19,2081.5,8,0.01,24.54706296
0.000199005,187.6944444,122,2743.213113,10,0.005114363,1.483210939
0.0,0.0,6,254.5,0,0.033333333,0.0
0.008333333,12.625,29,1268.125,2,0.038,25.04441774
0.005333333,129.0,74,2378.263492,3,0.025042424,4.141458811
0.0,21.0,109,2587.530411,3,0.01036036,0.0
0.0,0.0,40,1542.35,0,0.031666667,0.0
0.0,55.5,19,444.75,1,0.010526316,21.2112655
0.009530632,88.0,173,6014.398401,4,0.025130309,1.53931845
0.00373444,175.9345238,229,6606.783899,9,0.015020196,8.896836973
0.004924242,160.1115392,154,7405.360281,14,0.021452975,8.533928457
0.009364162,63.08333333,174,3486.370682,6,0.019687687,0.0
0.0,96.0,61,1260.524994,2,0.003225806,131.5040438
0.003883495,71.2,101,3800.089234,6,0.024032278,3.179063602
0.005797101,80.25,63,2618.681061,5,0.011111111,17.60939304
0.0,0.0,30,4262.966667,0,0.013333333,65.29516039
0.002111614,195.4864719,94,2267.472565,17,0.008213489,4.511078764
0.003947368,22.0,152,4251.74125,3,0.009780702,0.0
0.0,0.0,57,1315.455182,0,0.009501916,0.0
0.003278689,18.0,62,1288.130556,1,0.009071038,13.63692586
0.0,0.0,24,1151.0,0,0.0125,44.20382094
0.058333333,0.0,12,115.6666667,0,0.091666667,0.0
0.009090909,120.5,22,1148.166667,1,0.036363636,7.518979759
0.039463602,150.4444444,23,659.6361111,5,0.056586058,0.0
0.0,0.0,9,651.0,0,0.022222222,68.258708
0.004081633,201.5625,95,5696.165963,7,0.023369348,19.34978396
0.0,636.0,52,3374.016667,8,0.003703704,108.0893873
0.0,158.5,34,2193.383333,5,0.024324324,0.0
0.0,30.5,34,1333.166667,1,0.006060606,8.754045182
0.0,0.0,17,315.0833333,0,0.014705882,0.0
0.014393939,0.0,65,3873.02197,0,0.01991342,0.0
0.001428571,225.25,129,3367.041281,12,0.018456829,1.03529974
0.028571429,0.0,7,2478.0,0,0.057142857,0.0
0.0,0.0,63,1401.50873,0,0.003225806,88.95486906
0.002020202,0.0,34,1491.775,0,0.024793388,0.0
0.000892857,37.25,50,1295.008333,4,0.015595238,0.0
0.0,0.0,69,2243.676587,0,0.002985075,97.9922066
0.005714286,48.0,35,1698.0,3,0.005714286,93.52994426
0.007189542,7.0,99,3517.039683,1,0.020421866,0.0
0.008163265,24.91666667,98,3561.139286,1,0.018367347,78.19779587
0.0,0.0,4,46.25,0,0.1,0.0
0.010632603,224.0,132,5098.75498,3,0.014962157,2.209003373
0.000238095,132.0,167,5080.233631,5,0.004785636,64.81173101
0.006140351,293.5785714,161,3457.628812,13,0.018923933,15.988034
0.0,88.60416667,114,2997.00203,9,0.005989942,32.56725746
0.005409357,283.375,110,5442.085417,3,0.02942233,9.294011981
0.0,0.0,62,3299.525,0,0.009539422,5.1680996
0.004678363,151.5666667,54,2446.144571,9,0.009409888,1.943058508
0.004938272,0.0,81,1950.840873,0,0.024773663,0.0
0.007198364,463.75,157,6123.741494,8,0.019816374,0.0
0.005882353,171.5,26,1565.958333,6,0.017647059,8.045767732
0.001680672,82.0,118,2595.095833,5,0.012371615,38.7483363
0.013636364,0.0,89,3747.814286,0,0.030211039,0.0
0.002857143,22.9,145,5962.732411,2,0.013265367,0.780277403
0.0,99.5,3,21.25,4,0.05,0.0
0.0,65.5,11,263.0,2,0.016666667,46.308063
0.0,78.0,22,325.0,2,0.007246377,19.10349568
0.0,408.4083333,54,1547.477273,5,0.017333333,0.0
0.047058824,17.0,17,1340.583333,1,0.071568627,0.0
0.004761905,0.0,64,4492.311111,0,0.022705971,0.0
0.011764706,75.0,19,1773.375,1,0.030392157,28.11635484
0.0,1668.5,18,1372.975,2,0.017391304,41.64625944
0.0,56.0,33,1399.15,2,0.011290323,12.45078371
0.004318937,175.4666667,82,2378.377381,10,0.017004257,13.9750483
0.007407407,0.0,27,1009.375,0,0.040740741,0.0
0.0,75.0,100,4436.376299,1,0.007150715,0.0
0.0,40.5,20,758.75,3,0.02,38.26667925
0.028571429,152.0,17,450.75,6,0.052380952,14.10739957
0.004054054,167.0,71,1445.458333,6,0.013963964,12.30811748
0.0,0.0,7,444.0,0,0.028571429,59.75418351
0.0,0.0,87,1197.700198,0,0.002352941,38.00063931
0.003125,114.2591575,119,6245.704152,6,0.012179841,32.32493691
0.022666667,113.75,26,1905.078571,1,0.0346,11.70614611
0.0,943.0,7,935.6666667,5,0.0375,0.0
0.0,73.0,23,1280.45,1,0.008695652,36.54680355
0.0,0.0,9,427.0,0,0.025,13.1168283
0.0,253.1,40,1591.888095,7,0.012186396,48.66217061
0.0,30.0,162,3753.19449,2,0.003477932,77.10821943
0.002678571,323.3636364,45,1534.825143,17,0.020699598,7.180348301
0.0,216.3333333,59,985.3151515,13,0.004545455,167.2308336
0.008,493.75,22,1525.0,13,0.018666667,25.00423187
0.002325581,2086.75,81,5546.0,8,0.014562569,15.56462164
0.0,0.0,41,898.15,0,0.011282051,19.51010101
0.005882353,24.5,29,749.125,4,0.02745098,0.0
0.011594203,16.0,15,1605.583333,3,0.037267081,0.0
0.0,45.0,59,1100.475,5,0.008391881,24.7526533
0.004166667,0.0,40,2046.832418,0,0.033880952,0.0
0.005165165,83.0,106,2974.734799,3,0.02044187,19.03391341
0.0,64.5,24,1151.136905,2,0.0186,15.27655756
0.000655738,201.3666667,116,2764.290278,9,0.005854801,42.7752197
0.0,157.0,20,834.075,4,0.013333333,4.84736534
0.0,92.5625,2,99.5,5,0.022222222,0.0
0.0,0.0,49,2110.124603,0,0.004081633,62.93549178
0.005,65.5,82,5316.459524,1,0.01125,77.25951671
0.0,1592.916667,14,1722.583333,8,0.031578947,0.0
0.008321168,44.5,137,7012.266796,2,0.01964546,0.0
0.015819209,0.0,58,3757.75,0,0.038418079,0.0
0.03030303,0.0,22,1664.0,0,0.032424242,0.0
0.003436426,64.5,97,2696.10873,2,0.021408935,5.770973155
0.003850267,43.92857143,182,9951.359644,4,0.021183788,8.665280918
0.0,569.0,23,941.6994048,2,0.008,9.331744184
0.0,2.0,61,1335.737854,1,0.002,20.15710234
0.001904762,331.9833333,202,8217.678753,13,0.013668745,3.651726351
0.0,279.0,41,1430.25,6,0.009929078,3.836079931
0.0,0.0,38,907.943254,0,0.005405405,23.6645871
0.012738095,904.5833333,132,4096.15859,9,0.022973065,8.960747931
0.0,0.0,7,723.0,0,0.028571429,32.90611766
0.011538462,0.0,53,5504.695238,0,0.031446886,12.32661404
0.0,16.0,44,2939.625,1,0.002222222,32.81205711
0.0,66.4,39,742.6875,5,0.015217391,71.38981221
0.005952381,237.5,37,1302.518056,7,0.023185941,0.0
0.028571429,0.0,7,295.0,0,0.057142857,0.0
0.0,14.25,29,1082.75,2,0.006896552,84.87572674
0.0,58.0,82,4729.065909,4,0.014544651,9.055465887
0.0,21.0,23,529.75,1,0.009090909,57.3158913
0.008732719,198.6666667,148,8178.226923,6,0.021205728,6.194287817
0.003773585,395.7083333,46,1461.725,8,0.014375562,13.90010917
0.0,494.5333333,33,2070.616667,11,0.020720721,9.581162201
0.0,0.0,21,1088.866667,0,0.010526316,16.1585582
0.014155251,352.1071429,64,3660.342875,14,0.023835616,9.641067457
0.0,64.5,32,1443.641667,1,0.010784314,111.2629939
0.0,0.0,8,480.0,0,0.028571429,14.1374752
0.0,19.83333333,17,545.0833333,1,0.00625,9.836358025
0.014132104,301.1369048,78,5097.41833,16,0.030390424,7.296889074
0.0,61.5,13,949.75,1,0.007692308,51.75775772
0.0,32.25,27,1273.25,3,0.008888889,43.89691103
0.000795756,1103.330357,359,12959.91515,18,0.008975428,7.231074783
0.019047619,11.83333333,31,424.75,1,0.039292517,30.81857956
0.0,0.0,13,1314.083333,0,0.008333333,103.0610827
0.008333333,8.0,21,507.2916667,1,0.031944444,0.0
0.00925181,252.8125,100,4597.124242,12,0.028496768,2.638074656
0.010714286,142.5,56,1885.33744,4,0.038102106,5.04016763
0.0,115.5833333,30,1076.958333,6,0.022857143,10.3889438
0.0,0.0,12,337.0,0,0.006666667,19.37005896
0.005555556,0.0,37,638.25,0,0.016666667,0.0
0.0,97.83333333,15,489.0,5,0.00625,81.334441
0.008383234,247.0833333,163,4600.540873,8,0.021052657,5.28608849
0.003555556,230.6666667,66,2178.85,9,0.010977778,11.73221807
0.0,0.0,24,506.452381,0,0.009090909,76.7910465
0.0,99.0,58,1261.658333,3,0.003452381,0.0
0.006289308,94.0,264,8584.025049,2,0.023315309,0.0
0.0,0.0,8,1004.5,0,0.05,27.77725875
0.004528302,0.0,53,2051.466667,0,0.017735849,0.0
0.0,70.5,12,541.5357143,1,0.008333333,115.7819471
0.0,22.0,15,259.75,3,0.010416667,88.80448992
0.0,164.5833333,115,3427.665476,7,0.016290123,4.970219813
0.00344942,0.0,134,4772.919574,0,0.01682332,5.667450916
0.0,63.75,13,774.7288136,4,0.012150434,0.0
0.009047619,9.0,106,6617.791228,2,0.026412307,1.777492546
0.0,27.5,20,922.7083333,1,0.00952381,103.1402899
0.0,27.5,1,10.0,1,0.04,0.0
0.008767123,93.75,70,2161.388889,4,0.017491169,0.0
0.014285714,68.28571429,26,741.0555556,3,0.039707071,13.24667166
0.0,36.0,23,2359.375,4,0.010666667,58.20233822
0.0,109.0416667,35,1136.083333,7,0.013157895,46.21605051
0.010810811,184.2727273,32,1427.689394,6,0.01966967,13.49031898
0.006666667,570.25,39,1728.25,11,0.019777778,22.42576795
0.003030303,116.5416667,57,1813.250382,9,0.011897547,30.60955642
0.0,0.0,49,1768.980303,0,0.004166667,9.0847678
0.004207921,13.83333333,200,8336.039583,1,0.017597513,3.730318306
0.021052632,0.0,56,2627.756494,1,0.025044663,0.0
0.003076923,790.9,54,2702.390385,10,0.018518854,0.0
0.006451613,52.75,31,3069.077778,3,0.020537634,5.793026792
0.004,0.0,149,6001.171475,0,0.022010916,0.0
0.015892388,8.0,124,4722.568651,1,0.02243106,24.28901413
0.009090909,63.0,20,457.25,3,0.013636364,0.0
0.003797468,305.0,147,4123.956674,16,0.010521398,0.0
0.0,0.0,60,1995.416667,1,0.003389831,61.58171224
0.0,0.0,26,650.8083333,0,0.014285714,0.0
0.0,0.0,39,1346.966667,0,0.005128205,67.02771302
0.003312325,152.75,219,7044.064508,12,0.015735853,11.65798375
0.0,770.7388889,35,726.0388889,10,0.005434783,10.82357287
0.004361055,172.375,226,12900.7676,7,0.017955889,44.69642794
0.014285714,315.1666667,10,402.8055556,6,0.014285714,0.0
0.003731343,40.5,133,4815.701606,2,0.011738458,8.969447973
0.007692308,0.0,13,597.625,0,0.034615385,0.0
0.000866739,387.75,64,980.5021994,9,0.012798697,9.581561053
0.0,55.0,2,13.0,4,0.028571429,0.0
0.0,39.0,13,137.0,5,0.011764706,0.0
0.002063983,30.5,324,14213.63652,1,0.010072239,4.485584737
0.025,0.0,44,2807.164836,0,0.027424242,0.0
0.006666667,86.5,30,2623.916667,3,0.007619048,23.00194502
0.0,64.9,21,1922.15,5,0.009333333,60.62885042
0.003030303,238.05,104,3275.87381,3,0.010822511,1.560184165
0.0,55.5,2,26.0,2,0.06,0.0
0.0,0.0,6,285.5,0,0.04,18.1695357
0.005401961,49.5,260,8555.765985,2,0.017330846,0.0
0.0,0.0,4,76.75,0,0.016666667,0.0
0.0,0.0,11,205.7,0,0.022222222,18.85086521
0.004030055,167.8888889,117,5256.472341,2,0.014604028,3.187495058
0.013761468,15.0,108,6740.557143,1,0.032553517,24.80248887
0.0,10.0,32,1277.75,1,0.006060606,78.12165404
0.003914141,371.7,85,2128.730927,3,0.007300316,43.71856886
0.007520348,202.4254386,338,13265.35595,11,0.018855633,1.114150182
8.01e-05,51.70833333,149,7569.182143,7,0.016297591,11.37726052
0.0,47.0,89,3436.975,3,0.004387373,0.0
0.0,900.5,14,1957.5,4,0.014117647,105.260972
0.0,46.45833333,82,2875.615909,4,0.007267442,27.75787044
0.010856514,444.2847222,534,18504.12621,9,0.023309001,2.54795624
0.028571429,0.0,22,348.4333333,0,0.041269841,0.0
0.0,394.1,30,917.25,12,0.005405405,0.0
0.0,0.0,37,1731.5,1,0.005263158,17.22281788
0.007766272,0.0,171,6793.383281,0,0.023198706,2.381971158
0.02,36.0,74,4377.708157,3,0.029308735,0.0
0.0,0.0,13,562.25,0,0.015384615,34.97250838
0.0,613.5,470,14129.8808,5,0.00362107,13.38149414
0.0,87.83333333,67,4868.0,2,0.003174603,48.45370723
0.01981982,68.0,32,1195.583333,5,0.036486486,32.0201901
0.004,62.5,46,1048.107143,3,0.013,20.88414313
0.004871324,395.8785714,124,3959.145344,9,0.014283416,3.464444066
0.002631579,83.25,152,4307.409559,4,0.005971036,0.305312057
0.007407407,131.5,26,1960.475,2,0.024074074,33.69233226
0.0,0.0,21,1051.166667,0,0.00952381,14.14084367
0.007876231,0.0,76,1966.092332,0,0.014700317,0.0
0.006060606,75.5,130,4737.087716,3,0.011475964,43.77424082
0.02357037,53.0,218,8205.68794,3,0.039663918,1.18073661
0.0,154.0,34,886.4791667,7,0.005128205,77.801588
0.004545455,235.75,37,729.7916667,7,0.018181818,60.42298474
0.016969697,320.2708333,51,1788.370821,9,0.014709835,8.21617792
0.0,131.5,62,1524.962997,1,0.003266621,83.96813664
0.003787879,68.10769231,104,8130.964914,4,0.01763475,5.907475939
0.005833333,118.5,62,2910.632251,4,0.017587302,25.05062136
0.003571429,86.27777778,80,2170.286706,7,0.021527778,25.76598645
0.001587302,143.5833333,245,7793.158685,10,0.004610177,59.42458922
0.0,28.0,51,2587.766667,2,0.007434641,21.47448516
0.003174603,5.0,63,1405.327056,1,0.006349206,8.44235219
0.003333333,75.0,29,1279.089286,2,0.014166667,35.60912359
0.0,22.75,1,0.0,1,0.066666667,0.0
0.0,218.5714286,35,1760.613095,6,0.01375,16.81772593
0.0,0.0,7,284.5,0,0.028571429,128.4686939
0.004032258,198.4333333,113,3312.879422,9,0.016482015,0.0
0.02,90.0,19,921.6,2,0.03,55.46963196
0.000269542,86.75,101,3094.366667,7,0.014951401,56.72227169
0.00610687,11.0,132,4424.916667,2,0.020093774,14.99601118
0.0,87.5,29,1352.133333,2,0.025287356,34.60160214
0.001492537,0.0,69,3621.066667,0,0.02032147,0.0
0.00625,0.0,16,898.7583333,0,0.014583333,0.0
0.001849665,80.0,326,11945.62954,4,0.017527555,0.0
0.0,0.0,16,824.2291667,0,0.045138889,0.0
0.008181818,0.0,57,2167.126924,0,0.017137357,12.360043
0.0,82.2,176,5505.401209,6,0.005809793,10.59423174
0.0,133.4666667,26,1357.833333,7,0.018487395,18.26940096
0.0,0.0,8,97.0,0,0.025,0.0
0.0,0.0,15,281.7380952,0,0.001923077,57.82473775
0.004761905,501.75,18,628.5833333,5,0.012698413,37.02263046
0.005128205,2.0,77,2476.154789,1,0.02648199,0.0
0.003658537,21.0,81,2930.722222,1,0.018943089,0.0
0.0,67.5,10,268.0,2,0.018181818,59.51850423
0.0,334.0,32,4316.833333,3,0.003030303,42.70505393
0.004938272,0.0,82,2710.381731,0,0.021957672,0.0
0.014285714,14.0,14,988.0625,1,0.028571429,68.84905671
0.0,0.0,3,428.5,0,0.066666667,0.0
0.008695652,108.8333333,21,780.5833333,8,0.017391304,25.03946022
0.1,0.0,8,335.25,0,0.108333333,0.0
0.0,0.0,24,783.375,0,0.004166667,15.75636267
0.017857143,0.0,27,1095.658333,0,0.01547619,60.73155753
0.00625,0.0,40,1284.569048,0,0.019791667,0.0
0.0,0.0,44,814.1547619,1,0.023188406,0.0
0.0,143.25,38,2508.413853,2,0.00745614,54.16451768
0.0,0.0,25,902.0833333,0,0.007692308,0.0
0.0,0.0,15,428.0,0,0.014285714,89.13481061
0.0,32.0,16,1760.6,3,0.033333333,0.0
0.001234568,59.52777778,156,5189.960659,5,0.008928986,20.50963783
0.0,107.2083333,17,513.25,3,0.012030075,17.54619116
0.0,61.0,21,585.3916667,6,0.007692308,0.0
0.006697236,216.2285714,304,11250.48672,11,0.018717242,1.37270775
0.002682927,0.0,84,4894.851299,0,0.028446662,0.0
0.066666667,0.0,3,71.16666667,0,0.083333333,0.0
0.0,251.6190476,69,2269.732143,12,0.007,0.093546949
0.002298851,296.1166667,79,5057.175,9,0.022687466,17.78922266
0.0046875,0.0,64,1558.361111,0,0.021875,0.0
0.008844998,152.75,127,3247.644636,12,0.017025608,33.85339122
0.001941748,194.2857143,98,5325.234886,5,0.012604407,56.1773806
0.0,0.0,23,517.0357143,0,0.00952381,23.30000662
0.0,0.0,53,3575.0,0,0.003846154,119.8943327
0.0,0.0,12,153.625,0,0.008333333,0.0
0.011481481,424.475,76,2642.458333,11,0.026290598,0.0
0.0,356.5,15,1992.916667,4,0.014285714,17.85338057
0.001834947,166.9166667,233,7952.491839,2,0.019045831,8.920900783
0.0,215.25,29,672.125,6,0.011764706,22.82159308
0.0,0.0,10,444.5,0,0.02,13.9394091
0.003163265,192.847619,186,6975.887249,11,0.00929719,14.45829487
0.0,0.0,16,318.75,0,0.004166667,0.0
0.0,0.0,9,608.75,0,0.025,42.422531
0.0,340.5916667,43,863.3468254,13,0.006730769,40.01028435
0.003993856,85.33333333,213,8591.591742,5,0.01587654,8.024865728
0.016,1098.5,115,6367.506345,12,0.030930013,0.0
0.005612245,114.25,107,9126.982468,5,0.017992979,0.0
0.016853933,31.0,88,5321.441032,2,0.019314057,25.74700712
0.002173913,99.75,89,2520.056936,3,0.012934783,40.51760545
0.0,0.0,13,541.9166667,0,0.015384615,26.09995422
0.0375,0.0,14,376.0,0,0.040625,0.0
0.0,96.25,67,3763.000758,4,0.003076923,15.84839963
0.0,0.0,7,491.5833333,0,0.008333333,45.9675105
0.0,173.9444444,14,890.5277778,3,0.028571429,52.74177636
0.0,36.5,80,2762.770833,2,0.006410256,10.0986778
0.002201835,0.0,110,5244.471512,0,0.013960708,0.0
0.2,0.0,1,0.0,1,0.2,0.0
0.06,0.0,10,443.75,0,0.07,38.19240444
0.0,0.0,21,517.5416667,0,0.010526316,16.1585582
0.0,29.5,50,1831.903509,1,0.010333333,52.03463312
0.0,30.25,13,392.1875,1,0.005128205,60.26309658
0.006633907,41.7,401,14568.16201,5,0.020148947,3.546315545
0.015384615,18.75,57,1182.590278,2,0.027094017,14.15437174
0.006451613,40.25,26,683.0292208,3,0.032319508,0.0
0.005373737,167.375,155,4263.977734,7,0.012004543,112.6661365
0.0,0.0,4,87.875,0,0.026666667,0.0
0.0,0.0,46,2183.8875,0,0.010638298,0.0
0.009401851,448.0621212,171,5341.784253,13,0.016398799,12.09622118
0.0,0.0,47,3650.316667,0,0.003333333,97.19657367
0.008510638,0.0,48,1900.675,0,0.009574468,0.0
0.0,0.0,12,366.5,0,0.016666667,287.9537928
0.003562341,248.9214286,131,6225.988835,5,0.025012117,7.963976424
0.008042825,0.0,330,11208.35506,0,0.022913324,0.0
0.001960784,176.489011,95,3879.83176,15,0.017745098,0.0
0.0,212.625,52,968.1964286,8,0.005172414,214.3066627
0.0,69.875,33,1051.125,7,0.010526316,25.12339065
0.028571429,104.0,5,152.5,1,0.057142857,64.95645099
0.004181185,105.0,286,9952.349817,3,0.015495489,0.0
0.00862069,555.5,58,2034.261905,3,0.035172414,0.0
0.011111111,186.5,16,476.25,6,0.038888889,16.04403014
0.004545455,0.0,22,348.5,0,0.022727273,0.0
0.001754386,392.0,106,3711.605357,10,0.012573099,0.850509525
0.001666667,3.0,161,3763.447588,1,0.012346041,0.0
0.010353866,397.6309524,107,6449.457197,7,0.031510604,5.391767492
0.006940472,210.625,167,8249.106771,9,0.021347061,2.907879344
0.005263158,71.0,57,1422.909324,5,0.018891527,13.55041394
0.0,485.9065934,42,753.6373626,16,0.011568627,31.63684138
0.003448276,122.0,111,3154.970833,7,0.014655172,2.613062787
0.003797468,238.5833333,147,2933.695013,15,0.016656739,18.1270044
0.0,0.0,10,411.9166667,0,0.036190476,0.0
0.0,81.0,93,3359.625,1,0.015104167,0.0
0.001685393,0.0,357,8864.036841,0,0.007310889,9.964255807
0.005263158,974.0,32,1003.416667,8,0.010526316,16.61144026
0.0,0.0,50,1241.75,0,0.008163265,47.83758971
0.004026846,204.0952381,138,4042.949908,10,0.01446207,18.21579469
0.003037975,30.0,77,2531.342297,2,0.015696203,12.99938379
0.007228916,354.2916667,79,4409.3,9,0.011546722,12.07905093
0.005128205,0.0,39,1262.651515,0,0.007264957,0.0
0.0,43.5,26,971.6666667,2,0.009259259,15.1510483
0.001851852,215.0,53,1481.429167,3,0.012345679,56.31760103
0.010810811,0.0,37,1212.0,0,0.017117117,0.0
0.0,199.0,34,1425.566667,3,0.008823529,0.0
0.0,0.0,36,777.3333333,0,0.005882353,89.2954867
0.004545455,0.0,23,736.2333333,0,0.013636364,140.6621366
0.002380952,8.214285714,166,9666.857845,1,0.012980504,29.34770837
0.005714286,34.83333333,32,929.0833333,4,0.016190476,34.29431289
0.0,0.0,22,2386.0,0,0.020289855,0.0
0.0,11.0,20,1166.333333,1,0.002631579,14.1273698
0.0,0.0,48,1607.191667,0,0.004609929,5.157803677
0.0,0.0,79,4709.992857,0,0.005574489,0.0
0.0,29.25,32,1729.75,3,0.005714286,16.7293697
0.007446809,353.125,85,3725.670725,11,0.014960902,2.527217484
0.003478261,39.58333333,115,2547.717986,4,0.007207729,13.26221446
0.016666667,0.0,8,284.7,0,0.047222222,0.0
0.002173913,39.875,88,4937.639583,3,0.005857488,25.57242933
0.005714286,992.7142857,28,1793.214286,2,0.016428571,9.69917706
0.012820513,145.0,33,2161.133333,5,0.044786325,16.58165201
0.0,164.4,33,865.8071429,8,0.012280702,61.61833364
0.001169591,318.8012821,107,4447.110508,8,0.013146819,0.0
0.002930403,145.0,85,1704.580556,6,0.02539857,0.0
0.014285714,77.08333333,15,2106.833333,5,0.037301587,0.0
0.0,12.0,43,851.8857143,1,0.009883721,11.65996434
0.0,45.5,22,535.0,2,0.025,9.650250036
0.0,250.2222222,82,5076.380556,9,0.010982424,28.41708136
0.0,42.5,43,1543.5,2,0.004444444,8.671344071
0.002272727,8.0,46,689.0606061,1,0.012062937,1.125146064
0.0,0.0,13,524.0,0,0.016666667,45.4642609
0.004022989,162.75,80,2453.177381,11,0.017778905,4.289678861
0.0,10.0,12,220.2666667,1,0.02,60.622383
0.0,45.5,39,2011.041667,2,0.0125,53.73655336
0.002702703,268.25,71,2426.791667,8,0.010810811,33.86849093
0.0,38.0,3,33.33333333,2,0.030555556,0.0
0.014285714,9.0,13,858.8333333,1,0.051190476,0.0
0.009836066,0.0,59,2195.283333,0,0.030601093,0.0
0.0,0.0,16,865.5833333,0,0.002083333,93.77761706
0.002380952,0.0,58,1893.444444,0,0.019047619,0.0
0.0,19.0,28,1183.65,2,0.006896552,21.2112655
0.0,0.0,17,356.0833333,0,0.013333333,151.5650523
0.031818182,96.66666667,23,1605.875,1,0.05030303,54.10230816
0.001242236,52.5,162,3608.432937,1,0.004347826,54.0486956
0.0,0.0,31,2767.625,0,0.006896552,52.67778465
0.003647799,0.0,106,4568.338675,1,0.013529215,0.0
0.033333333,0.0,6,172.2083333,0,0.044444444,0.0
0.010978836,198.7727273,76,4514.739394,12,0.024656643,0.0
0.0,40.0,24,3830.0,3,0.025333333,0.0
0.0,1276.264286,118,3215.173074,12,0.005446194,22.45841786
0.00625,49.08333333,58,2572.429487,6,0.020729167,0.0
0.00167364,36.0,237,6817.942235,5,0.01380616,3.960306296
0.002564103,712.0,77,3785.5625,4,0.00982906,0.0
0.0,270.0,13,2451.0,2,0.021428571,42.22150549
7.5e-05,367.25,195,7980.363439,14,0.005865824,3.86863332
0.013793103,58.5,28,968.6666667,2,0.024712644,14.02863873
0.0,400.0,20,991.5,5,0.013043478,22.13419743
0.004545455,166.3333333,38,1869.45119,5,0.010037879,0.0
0.0,0.0,26,875.1559524,0,0.001333333,40.42327574
0.0,0.0,38,2232.833333,0,0.026315789,0.0
0.001052632,123.4642857,34,1570.469048,6,0.010431717,19.66912605
0.0,28.0,20,633.75,3,0.019047619,32.43717827
0.008313228,116.6973684,171,9405.836721,6,0.028256171,0.0
0.005128205,0.0,39,2034.466667,0,0.015555556,0.0
0.0,0.0,12,680.5,0,0.018181818,42.422531
0.0,723.5,5,109.0,6,0.015384615,0.0
0.0,0.0,7,343.25,0,0.028571429,49.36350729
0.000176367,205.25,155,4502.511111,8,0.010885984,3.801288988
0.003472222,576.6208333,57,1878.195833,9,0.010446429,5.002669777
0.007494145,91.25,56,955.5432151,6,0.010650662,0.0
0.0,25.5,10,361.5,1,0.02,60.01343064
0.001075269,137.9166667,92,3163.14329,6,0.0095145,32.22246226
0.004320988,585.5,80,3634.141512,1,0.007864356,26.41113767
0.003571429,72.5,55,936.1333333,5,0.020238095,23.27552205
0.0,335.875,18,1494.125,8,0.022,12.60913229
0.0,213.75,30,2054.841667,8,0.001041667,21.9646242
0.0,20.0,18,375.5547619,1,0.0125,32.3171163
0.0,0.0,33,1996.816667,0,0.00625,44.06491359
0.0,26.5,13,470.5,1,0.016666667,41.422095
0.001680672,19.0,120,3013.116917,3,0.007407748,14.18391563
0.0,106.0,42,1384.197436,6,0.004651163,136.937958
0.0,54.5,74,1599.994589,4,0.002631579,67.26616125
0.01056,261.5,122,3411.955853,10,0.029876364,0.0
0.0,113.5,37,1344.340476,2,0.005405405,11.77908986
0.0,57.5,23,914.3333333,1,0.008695652,23.18305163
0.009090909,33.5,23,833.6695513,2,0.012947658,29.38287135
0.0,32.75,13,704.0,4,0.024285714,76.79037287
0.011463415,0.0,81,2253.799603,0,0.015875182,0.0
0.0,46.875,111,5358.375439,8,0.011957672,10.21771151
0.0,37.0,21,1231.5,3,0.016,0.0
0.0,190.5,30,2375.083333,4,0.011111111,34.79013586
0.0,0.0,19,577.5416667,0,0.011764706,90.9285217
0.0,281.3333333,41,1167.95,11,0.011347518,7.907379545
0.002469136,94.25,77,3719.643711,4,0.010684624,14.96948769
0.0,71.375,73,2335.633333,6,0.0125,2.51591586
0.0,0.0,23,662.5,0,0.013043478,0.0
0.008333333,40.25,23,766.25,2,0.025,24.07951908
0.000472813,0.0,48,755.175,0,0.026312057,13.18501
0.017741935,247.75,27,1182.416667,10,0.038556068,7.994904291
0.0,0.0,46,3346.041667,0,0.01884058,0.0
0.0,149.5,6,326.0,2,0.014285714,0.0
0.008,29.5,26,1659.866667,1,0.016,21.81920724
0.0,59.5,39,650.8333333,1,0.003070175,0.0
0.0,56.5,42,1753.083333,2,0.007301587,4.59675105
0.0,0.0,20,1194.75,0,0.026315789,0.0
0.0,68.5,11,372.8166667,1,0.036363636,54.76629511
0.002531646,0.0,79,2663.583333,0,0.017088608,0.0
0.04,67.75,2,19.25,3,0.053333333,0.0
0.0,203.4166667,116,3505.087955,8,0.009314826,62.83957669
0.006577408,9.0,401,12433.21865,2,0.022322606,0.0
0.0125,0.0,96,5947.97123,0,0.028333333,0.0
0.002352941,53.5,85,4478.699416,2,0.016205882,0.0
0.01978022,0.0,90,4875.609432,0,0.044796184,0.0
0.066666667,26.5,6,110.0,1,0.1,0.0
0.004054054,188.8333333,64,4829.625,11,0.017194337,48.60623685
0.0,157.0,5,85.5,2,0.025,0.0
0.007906977,68.33333333,39,1263.864951,3,0.025721669,14.94379331
0.004545455,95.75,41,1164.202381,7,0.010606061,27.07846934
0.008311643,0.0,224,5209.958128,1,0.021844997,0.0
0.002469136,1028.833333,155,6794.735417,12,0.015526696,3.726530231
0.0,279.25,43,1717.740476,8,0.018472224,18.07802206
0.014285714,0.0,29,488.4090909,0,0.02173913,0.0
0.004316069,7.0,248,7445.957075,1,0.015735624,1.26665917
0.0,0.0,22,493.0,0,0.00952381,55.5696756
0.0,206.0,65,1140.791667,1,0.020707071,6.641911419
0.0,88.375,81,3230.546573,11,0.017862319,15.38432962
0.0,117.5,8,104.5,8,0.016666667,0.0
0.0,98.0,29,1407.375,2,0.006666667,39.59436227
0.003003003,0.0,109,4008.578283,0,0.01899841,0.0
0.0125,229.5,31,1909.232143,2,0.034375,17.15249937
0.0,162.4911765,32,1162.797222,9,0.020175439,47.99566725
0.003645833,514.075,178,6630.479365,18,0.010805067,0.0
0.0,15.0,18,343.8333333,1,0.0125,38.3399435
0.0,344.0,22,1860.25,9,0.013095238,12.94438665
0.0,181.5,34,2265.571429,4,0.018018018,28.11367347
0.006,0.0,50,1009.430952,1,0.017238095,4.803305732
0.0,0.0,6,529.5,0,0.04,44.443614
0.0,0.0,10,640.875,0,0.011111111,18.85445822
0.0,57.5,32,534.2638889,1,0.011111111,87.74978701
0.011764706,91.5,132,3041.676452,3,0.030932814,0.0
0.0,76.0,33,831.1111111,2,0.0125,77.97458009
0.001626016,0.0,120,2895.129762,1,0.005813008,16.96317099
0.028571429,0.0,7,649.5,0,0.057142857,0.0
0.0,27.25,9,219.25,2,0.033333333,75.50833257
0.0,213.5,11,303.5,6,0.016666667,87.9029606
0.0,45.5,10,333.25,1,0.018181818,9.905143745
0.017123288,0.0,73,3324.597222,0,0.040273973,0.0
0.0,11.0,14,249.6666667,2,0.033333333,0.0
0.0125,57.25,36,1930.410714,6,0.018083333,21.39566828
0.00625,0.0,30,661.1388889,0,0.027083333,0.0
0.007692308,22.25,27,2958.216667,2,0.033230985,7.868980948
0.0,6.0,15,579.0,1,0.0125,63.93506419
0.007142857,0.0,25,402.0430403,0,0.02202381,0.0
0.0,0.0,21,455.0833333,0,0.010526316,14.13268846
0.001960784,44.5,52,1300.041667,1,0.023193277,6.028854102
0.0,0.0,17,701.8032468,0,0.011111111,61.07207396
0.005110897,647.3333333,175,10886.87692,6,0.018243793,16.64099403
0.0,229.75,33,760.6190476,7,0.011111111,51.86660251
0.0,58.5,11,1012.166667,1,0.041666667,62.86831138
0.0,0.0,15,1251.316667,0,0.03452381,0.0
0.009489489,43.625,109,3624.056349,3,0.01406394,11.32556227
0.002409639,281.9166667,83,2616.905952,3,0.033978772,0.0
0.02195122,0.0,42,1892.005556,0,0.040859466,0.0
0.007843137,48.5,35,668.1,1,0.019117647,36.95500632
0.0,50.5,27,916.9222222,2,0.009677419,0.0
0.006060606,266.0,29,730.35,5,0.026262626,32.91300914
0.015018315,255.4166667,22,612.8194444,9,0.025760906,22.31126324
0.0,0.0,19,380.9464286,0,0.013947368,0.0
0.0,254.0,48,1740.525631,6,0.004876543,0.0
0.002616034,50.0,234,5246.435176,5,0.011613896,21.03233592
0.0,0.0,6,81.75,0,0.066666667,0.0
0.0,9.0,33,1597.10609,1,0.008754209,5.774785164
0.0,0.0,4,302.0,0,0.04,46.06937312
0.0,0.0,7,432.0,0,0.014285714,270.7846931
0.007911051,188.5638298,199,7750.537279,9,0.021772308,3.012181822
0.002197802,152.875,85,2971.254167,9,0.013631606,1.022550578
0.010851648,0.0,102,3085.620238,0,0.024392801,0.0
0.003370787,515.9821429,170,7128.75377,14,0.016081238,4.470297685
0.0,65.0,26,501.8,4,0.014285714,0.0
0.003883495,42.5,104,4054.755952,1,0.010097087,141.4590538
0.011594203,140.0,21,839.4166667,5,0.008695652,30.83748589
0.004481793,13.0,116,2633.0849,1,0.010929463,0.0
0.0,150.5,18,635.3333333,1,0.011764706,57.5907585
0.016666667,41.5,10,264.25,2,0.025,0.0
0.00598336,337.0,261,14150.54613,6,0.026011023,0.951933747
0.010771277,161.8333333,84,2701.337954,6,0.016381748,7.477388113
0.009090909,84.83333333,57,1897.6875,7,0.017857143,0.0
0.002380952,104.1944444,75,1753.761111,11,0.018278388,20.04842101
0.006779661,0.0,118,3211.344872,0,0.016468927,3.05990612
0.002469136,98.0,81,2628.0,2,0.012345679,0.602232815
0.001396161,29.81515152,189,7190.547947,3,0.014604116,39.29216261
0.0,0.0,30,901.2888889,0,0.007333333,34.14841957
0.0,148.25,7,179.9583333,4,0.005,0.0
0.001951952,140.675,70,2721.555108,4,0.017189707,10.53591515
0.0,0.0,28,1085.25,0,0.01,0.0
0.022222222,0.0,18,353.0833333,0,0.05,0.0
0.019047619,0.0,21,472.5,0,0.019047619,34.27708553
0.05,0.0,9,329.25,0,0.075,38.83384563
0.0,0.0,5,156.5,0,0.013333333,0.0
0.00211827,183.7857143,95,3346.501984,9,0.018655904,5.932009013
0.016774043,442.6,107,4928.927389,13,0.028505395,1.451867861
0.0,0.0,15,593.75,0,0.014285714,92.9394993
0.0,56.0,19,2117.654762,3,0.014444444,6.708900602
0.002376812,397.7166667,336,12595.62776,12,0.01331553,1.178989949
0.0,67.5,30,761.75,3,0.015053763,19.31425101
0.0,228.748539,336,12166.69424,14,0.012143626,0.067049546
0.0,363.05,8,345.0,8,0.016666667,13.64300463
0.0,0.0,22,1668.95,0,0.00952381,12.18867006
0.0,0.0,22,1327.666667,0,0.032359307,0.0
0.006521739,43.0,132,5091.890896,3,0.029863649,0.0
0.0,0.0,11,242.9166667,0,0.02,16.16057924
0.0,199.3856838,38,1342.434295,9,0.022542075,22.02071582
0.011805556,381.75,69,2599.015278,7,0.034545686,5.560270538
0.028571429,0.0,7,199.5,0,0.057142857,56.57877343
0.009375,146.4166667,61,2405.652778,6,0.032135417,0.0
0.003333333,20.15,60,1521.15,2,0.015277778,16.43637285
0.033333333,0.0,6,60.25,0,0.066666667,0.0
0.000729167,889.1666667,137,5588.185426,8,0.026320008,6.898232461
0.004166667,169.975,90,4792.380767,5,0.007479289,41.55801982
0.0,275.5166667,60,1276.594048,12,0.00952381,5.45243266
0.0,0.0,10,392.5,0,0.02,42.83887416
0.014814815,0.0,28,1107.922619,0,0.009876543,226.6777017
0.0,60.0,21,868.0166667,4,0.008,40.72562976
0.0,46.5,14,398.9791667,1,0.014285714,116.3378652
0.003960396,91.25,95,2900.791667,7,0.023267327,4.48567854
0.05,27.25,1,31.5,2,0.066666667,0.0
0.017073171,46.5,40,2338.95,1,0.030325203,9.472914356
0.007159986,141.9166667,136,8777.613879,6,0.016360941,21.3825758
0.0,183.25,60,1883.444231,6,0.020858475,0.0
0.006458094,44.0,131,3865.838889,5,0.023900203,0.818306551
0.003030303,143.625,63,2801.131746,3,0.012987013,9.078681618
0.007407407,62.5,53,1840.369156,4,0.023148148,46.77831787
0.0,189.0,21,704.3,6,0.018478261,0.0
0.007552448,0.0,145,4108.808442,0,0.023216783,0.0
0.012307692,43.72727273,59,3354.078463,2,0.026494505,9.005310781
0.0,84.66666667,24,1387.5,6,0.017261905,11.30850046
0.006741573,0.0,89,2924.432937,0,0.024478493,0.0
0.0,109.0,31,3116.5,3,0.005208333,0.0
0.016666667,37.5,70,6384.366987,2,0.027790836,0.0
0.011054834,1561.717567,183,9676.09318,26,0.014200442,19.56746389
0.0,102.8666667,29,693.2541667,9,0.014705882,77.64914484
0.001574803,112.125,114,3459.479978,6,0.009848144,5.648688126
0.0,0.0,15,1134.455556,0,0.001333333,30.30681247
0.0,0.0,7,389.1666667,0,0.021428571,0.0
0.031578947,7.0,21,803.0,1,0.052631579,7.014753437
0.0,257.75,3,97.5,12,0.038461538,0.0
0.013333333,0.0,16,853.4166667,0,0.037777778,50.81417971
0.004931973,0.0,193,6784.671131,1,0.021157516,0.0
0.006741573,317.6282051,81,3675.940705,12,0.017420532,11.62288468
0.005263158,40.13636364,35,840.9952922,5,0.012593985,64.72238907
0.0,0.0,14,999.0,0,0.023076923,8.482951523
0.018367347,580.3333333,43,1326.107143,6,0.018160173,0.0
0.0,0.0,36,872.8333333,0,0.007058824,81.02729581
0.0,219.274359,107,2640.135697,12,0.015489592,6.479206264
0.008333333,0.0,24,1010.25,0,0.016666667,31.81967723
0.007058824,413.4996124,83,6072.032391,6,0.024023709,1.240071108
0.0,0.0,5,277.5,0,0.04,42.03044096
0.002040816,133.4666667,44,2664.445833,6,0.010884354,97.86083623
0.0,139.575,30,986.5,7,0.011428571,36.39286104
0.001360544,0.0,144,4627.489571,1,0.020664031,0.0
0.011148992,150.3571429,221,11431.00124,7,0.021904109,1.582473154
0.0,16.0,15,2773.5,3,0.03,78.81172527
